,Time,Source,Destination,Protocol,Length
1,0,fe80::c60:a2ff:fec9:ef75,ff02::1,ICMPv6,142
2,1.967105,2409:40d0:3c:1240:8ce1:e08e:e26c:e093,2404:6800:4002:81c::2005,TCP,75
3,1.99401,2404:6800:4002:81c::2005,2409:40d0:3c:1240:8ce1:e08e:e26c:e093,TCP,86
4,3.262656,2409:40d0:3c:1240:8ce1:e08e:e26c:e093,64:ff9b::23e3:cb27,TCP,75
5,3.369002,64:ff9b::23e3:cb27,2409:40d0:3c:1240:8ce1:e08e:e26c:e093,TCP,86
6,6.165803,2620:1ec:21::14,2409:40d0:3c:1240:8ce1:e08e:e26c:e093,TLSv1.2,120
7,6.172463,2409:40d0:3c:1240:8ce1:e08e:e26c:e093,2620:1ec:21::14,TLSv1.2,116
8,6.172674,2409:40d0:3c:1240:8ce1:e08e:e26c:e093,2620:1ec:21::14,TLSv1.2,116
9,6.249274,2620:1ec:21::14,2409:40d0:3c:1240:8ce1:e08e:e26c:e093,TCP,74
10,8.817801,192.168.150.136,192.168.150.153,DNS,76
11,8.817936,192.168.150.136,192.168.150.153,DNS,76
12,8.81803,192.168.150.136,192.168.150.153,DNS,76
13,8.818262,2409:40d0:3c:1240:8ce1:e08e:e26c:e093,2620:1ec:21::14,TCP,1374
14,8.818262,2409:40d0:3c:1240:8ce1:e08e:e26c:e093,2620:1ec:21::14,TCP,1374
15,8.818262,2409:40d0:3c:1240:8ce1:e08e:e26c:e093,2620:1ec:21::14,TLSv1.2,880
16,8.818326,2409:40d0:3c:1240:8ce1:e08e:e26c:e093,2620:1ec:21::14,TLSv1.2,262
17,8.8684,2620:1ec:21::14,2409:40d0:3c:1240:8ce1:e08e:e26c:e093,TCP,74
18,8.880431,2620:1ec:21::14,2409:40d0:3c:1240:8ce1:e08e:e26c:e093,TCP,74
19,8.882381,2620:1ec:21::14,2409:40d0:3c:1240:8ce1:e08e:e26c:e093,TCP,74
20,8.883687,192.168.150.153,192.168.150.136,DNS,187
21,8.883687,2620:1ec:21::14,2409:40d0:3c:1240:8ce1:e08e:e26c:e093,TCP,74
22,8.883687,192.168.150.153,192.168.150.136,DNS,175
23,8.884769,192.168.150.153,192.168.150.136,DNS,202
24,9.139798,2620:1ec:21::14,2409:40d0:3c:1240:8ce1:e08e:e26c:e093,TLSv1.2,406
25,9.139798,2620:1ec:21::14,2409:40d0:3c:1240:8ce1:e08e:e26c:e093,TLSv1.2,112
26,9.139908,2409:40d0:3c:1240:8ce1:e08e:e26c:e093,2620:1ec:21::14,TCP,74
27,9.232129,2409:40d0:3c:1240:8ce1:e08e:e26c:e093,2404:6800:4002:815::200a,UDP,91
28,9.261373,2404:6800:4002:815::200a,2409:40d0:3c:1240:8ce1:e08e:e26c:e093,UDP,87
29,9.531738,64:ff9b::8c52:721a,2409:40d0:3c:1240:8ce1:e08e:e26c:e093,TLSv1.2,100
30,9.532109,2409:40d0:3c:1240:8ce1:e08e:e26c:e093,64:ff9b::8c52:721a,TLSv1.2,104
31,9.938908,64:ff9b::8c52:721a,2409:40d0:3c:1240:8ce1:e08e:e26c:e093,TCP,76
32,12.802732,192.168.150.136,192.168.150.153,DNS,80
33,12.802866,192.168.150.136,192.168.150.153,DNS,80
34,12.802959,192.168.150.136,192.168.150.153,DNS,80
35,12.892499,192.168.150.153,192.168.150.136,DNS,136
36,12.902172,192.168.150.153,192.168.150.136,DNS,124
37,12.902492,192.168.150.153,192.168.150.136,DNS,158
38,12.904939,2409:40d0:3c:1240:8ce1:e08e:e26c:e093,2404:6800:4002:81a::200e,QUIC,1292
39,12.9051,2409:40d0:3c:1240:8ce1:e08e:e26c:e093,2404:6800:4002:81a::200e,QUIC,1292
40,12.905215,2409:40d0:3c:1240:8ce1:e08e:e26c:e093,2404:6800:4002:81a::200e,QUIC,1292
41,12.905705,2409:40d0:3c:1240:8ce1:e08e:e26c:e093,2404:6800:4002:81a::200e,QUIC,144
42,12.988217,2404:6800:4002:81a::200e,2409:40d0:3c:1240:8ce1:e08e:e26c:e093,QUIC,1292
43,12.988217,2404:6800:4002:81a::200e,2409:40d0:3c:1240:8ce1:e08e:e26c:e093,QUIC,1292
44,13.010763,2409:40d0:3c:1240:8ce1:e08e:e26c:e093,2404:6800:4002:81a::200e,QUIC,1292
45,13.054258,2404:6800:4002:81a::200e,2409:40d0:3c:1240:8ce1:e08e:e26c:e093,QUIC,1292
46,13.054258,2404:6800:4002:81a::200e,2409:40d0:3c:1240:8ce1:e08e:e26c:e093,QUIC,368
47,13.054258,2404:6800:4002:81a::200e,2409:40d0:3c:1240:8ce1:e08e:e26c:e093,QUIC,986
48,13.054258,2404:6800:4002:81a::200e,2409:40d0:3c:1240:8ce1:e08e:e26c:e093,QUIC,115
49,13.054258,2404:6800:4002:81a::200e,2409:40d0:3c:1240:8ce1:e08e:e26c:e093,QUIC,86
50,13.054258,2404:6800:4002:81a::200e,2409:40d0:3c:1240:8ce1:e08e:e26c:e093,QUIC,1292
51,13.05534,2409:40d0:3c:1240:8ce1:e08e:e26c:e093,2404:6800:4002:81a::200e,QUIC,140
52,13.055523,2409:40d0:3c:1240:8ce1:e08e:e26c:e093,2404:6800:4002:81a::200e,QUIC,93
53,13.05606,2409:40d0:3c:1240:8ce1:e08e:e26c:e093,2404:6800:4002:81a::200e,QUIC,1288
54,13.056131,2409:40d0:3c:1240:8ce1:e08e:e26c:e093,2404:6800:4002:81a::200e,QUIC,1053
55,13.082844,2404:6800:4002:81a::200e,2409:40d0:3c:1240:8ce1:e08e:e26c:e093,QUIC,182
56,13.083347,2409:40d0:3c:1240:8ce1:e08e:e26c:e093,2404:6800:4002:81a::200e,QUIC,96
57,13.083477,2404:6800:4002:81a::200e,2409:40d0:3c:1240:8ce1:e08e:e26c:e093,QUIC,87
58,13.099758,2404:6800:4002:81a::200e,2409:40d0:3c:1240:8ce1:e08e:e26c:e093,QUIC,91
59,13.100308,2409:40d0:3c:1240:8ce1:e08e:e26c:e093,2404:6800:4002:81a::200e,QUIC,95
60,13.256579,2404:6800:4002:81a::200e,2409:40d0:3c:1240:8ce1:e08e:e26c:e093,QUIC,1288
61,13.256579,2404:6800:4002:81a::200e,2409:40d0:3c:1240:8ce1:e08e:e26c:e093,QUIC,415
62,13.256854,2404:6800:4002:81a::200e,2409:40d0:3c:1240:8ce1:e08e:e26c:e093,QUIC,96
63,13.256966,2409:40d0:3c:1240:8ce1:e08e:e26c:e093,2404:6800:4002:81a::200e,QUIC,95
64,13.257185,2404:6800:4002:81a::200e,2409:40d0:3c:1240:8ce1:e08e:e26c:e093,QUIC,126
65,13.257247,2409:40d0:3c:1240:8ce1:e08e:e26c:e093,2404:6800:4002:81a::200e,QUIC,99
66,13.283417,2409:40d0:3c:1240:8ce1:e08e:e26c:e093,2404:6800:4002:81a::200e,QUIC,96
67,13.305974,2404:6800:4002:81a::200e,2409:40d0:3c:1240:8ce1:e08e:e26c:e093,QUIC,86
68,13.450222,Intel_98:9e:73,0e:60:a2:c9:ef:75,ARP,42
69,13.451176,0e:60:a2:c9:ef:75,Intel_98:9e:73,ARP,42
70,13.804325,192.168.150.136,192.168.150.153,DNS,87
71,13.804723,192.168.150.136,192.168.150.153,DNS,87
72,13.805067,192.168.150.136,192.168.150.153,DNS,87
73,13.85172,192.168.150.153,192.168.150.136,DNS,115
74,13.867109,192.168.150.153,192.168.150.136,DNS,103
75,13.867109,192.168.150.153,192.168.150.136,DNS,112
76,13.870062,2409:40d0:3c:1240:8ce1:e08e:e26c:e093,2404:6800:4002:821::2002,QUIC,1292
77,13.870237,2409:40d0:3c:1240:8ce1:e08e:e26c:e093,2404:6800:4002:821::2002,QUIC,1292
78,13.870355,2409:40d0:3c:1240:8ce1:e08e:e26c:e093,2404:6800:4002:821::2002,QUIC,1292
79,13.874181,2409:40d0:3c:1240:8ce1:e08e:e26c:e093,2404:6800:4002:821::2002,QUIC,137
80,13.874723,2409:40d0:3c:1240:8ce1:e08e:e26c:e093,2404:6800:4002:821::2002,QUIC,634
81,13.946213,2404:6800:4002:821::2002,2409:40d0:3c:1240:8ce1:e08e:e26c:e093,QUIC,1292
82,13.946213,2404:6800:4002:821::2002,2409:40d0:3c:1240:8ce1:e08e:e26c:e093,QUIC,1292
83,13.974049,2409:40d0:3c:1240:8ce1:e08e:e26c:e093,2404:6800:4002:821::2002,QUIC,1292
84,14.008712,2404:6800:4002:821::2002,2409:40d0:3c:1240:8ce1:e08e:e26c:e093,QUIC,1292
85,14.020837,2404:6800:4002:821::2002,2409:40d0:3c:1240:8ce1:e08e:e26c:e093,QUIC,131
86,14.020939,2404:6800:4002:821::2002,2409:40d0:3c:1240:8ce1:e08e:e26c:e093,QUIC,1292
87,14.020939,2404:6800:4002:821::2002,2409:40d0:3c:1240:8ce1:e08e:e26c:e093,QUIC,370
88,14.020939,2404:6800:4002:821::2002,2409:40d0:3c:1240:8ce1:e08e:e26c:e093,QUIC,984
89,14.020999,2404:6800:4002:821::2002,2409:40d0:3c:1240:8ce1:e08e:e26c:e093,QUIC,86
90,14.022511,2409:40d0:3c:1240:8ce1:e08e:e26c:e093,2404:6800:4002:821::2002,QUIC,1292
91,14.022819,2409:40d0:3c:1240:8ce1:e08e:e26c:e093,2404:6800:4002:821::2002,QUIC,94
92,14.048334,2404:6800:4002:821::2002,2409:40d0:3c:1240:8ce1:e08e:e26c:e093,QUIC,182
93,14.048334,2404:6800:4002:821::2002,2409:40d0:3c:1240:8ce1:e08e:e26c:e093,QUIC,84
94,14.048937,2409:40d0:3c:1240:8ce1:e08e:e26c:e093,2404:6800:4002:821::2002,QUIC,93
95,14.106089,2404:6800:4002:821::2002,2409:40d0:3c:1240:8ce1:e08e:e26c:e093,QUIC,631
96,14.106089,2404:6800:4002:821::2002,2409:40d0:3c:1240:8ce1:e08e:e26c:e093,QUIC,250
97,14.1068,2409:40d0:3c:1240:8ce1:e08e:e26c:e093,2404:6800:4002:821::2002,QUIC,97
98,14.126066,2404:6800:4002:821::2002,2409:40d0:3c:1240:8ce1:e08e:e26c:e093,QUIC,89
99,14.711202,2404:6800:4002:815::200a,2409:40d0:3c:1240:8ce1:e08e:e26c:e093,UDP,141
100,14.729887,2409:40d0:3c:1240:8ce1:e08e:e26c:e093,2404:6800:4002:815::200a,UDP,95
101,15.377227,157.240.239.61,192.168.150.136,SSL,124
102,15.381723,192.168.150.136,157.240.239.61,SSL,118
103,15.393052,157.240.239.61,192.168.150.136,TCP,54
104,17.813048,192.168.150.136,192.168.150.153,DNS,79
105,17.81345,192.168.150.136,192.168.150.153,DNS,79
106,17.813784,192.168.150.136,192.168.150.153,DNS,79
107,17.831084,192.168.150.153,192.168.150.136,DNS,107
108,17.837073,192.168.150.153,192.168.150.136,DNS,129
109,17.837073,192.168.150.153,192.168.150.136,DNS,95
110,17.840191,2409:40d0:3c:1240:8ce1:e08e:e26c:e093,2404:6800:4003:c02::54,QUIC,1292
111,17.84036,2409:40d0:3c:1240:8ce1:e08e:e26c:e093,2404:6800:4003:c02::54,QUIC,1292
112,17.840479,2409:40d0:3c:1240:8ce1:e08e:e26c:e093,2404:6800:4003:c02::54,QUIC,1292
113,17.844708,2409:40d0:3c:1240:8ce1:e08e:e26c:e093,2404:6800:4003:c02::54,QUIC,143
114,17.949463,2404:6800:4003:c02::54,2409:40d0:3c:1240:8ce1:e08e:e26c:e093,QUIC,1292
115,17.949463,2404:6800:4003:c02::54,2409:40d0:3c:1240:8ce1:e08e:e26c:e093,QUIC,1292
116,17.949463,2404:6800:4003:c02::54,2409:40d0:3c:1240:8ce1:e08e:e26c:e093,QUIC,1292
117,17.949463,2404:6800:4003:c02::54,2409:40d0:3c:1240:8ce1:e08e:e26c:e093,QUIC,370
118,17.949463,2404:6800:4003:c02::54,2409:40d0:3c:1240:8ce1:e08e:e26c:e093,QUIC,984
119,17.949463,2404:6800:4003:c02::54,2409:40d0:3c:1240:8ce1:e08e:e26c:e093,QUIC,115
120,17.951337,2409:40d0:3c:1240:8ce1:e08e:e26c:e093,2404:6800:4003:c02::54,QUIC,1292
121,17.951625,2409:40d0:3c:1240:8ce1:e08e:e26c:e093,2404:6800:4003:c02::54,QUIC,93
122,17.952382,2409:40d0:3c:1240:8ce1:e08e:e26c:e093,2404:6800:4003:c02::54,QUIC,1288
123,17.952504,2409:40d0:3c:1240:8ce1:e08e:e26c:e093,2404:6800:4003:c02::54,QUIC,1292
124,17.952594,2409:40d0:3c:1240:8ce1:e08e:e26c:e093,2404:6800:4003:c02::54,QUIC,1292
125,17.952802,2409:40d0:3c:1240:8ce1:e08e:e26c:e093,2404:6800:4003:c02::54,QUIC,430
126,17.952899,2409:40d0:3c:1240:8ce1:e08e:e26c:e093,2404:6800:4003:c02::54,QUIC,176
127,17.975867,2404:6800:4003:c02::54,2409:40d0:3c:1240:8ce1:e08e:e26c:e093,QUIC,86
128,18.044181,2404:6800:4003:c02::54,2409:40d0:3c:1240:8ce1:e08e:e26c:e093,QUIC,182
129,18.049199,2404:6800:4003:c02::54,2409:40d0:3c:1240:8ce1:e08e:e26c:e093,QUIC,87
130,18.053933,2404:6800:4003:c02::54,2409:40d0:3c:1240:8ce1:e08e:e26c:e093,QUIC,87
131,18.068926,2404:6800:4003:c02::54,2409:40d0:3c:1240:8ce1:e08e:e26c:e093,QUIC,87
132,18.070971,2404:6800:4003:c02::54,2409:40d0:3c:1240:8ce1:e08e:e26c:e093,QUIC,91
133,18.071529,2409:40d0:3c:1240:8ce1:e08e:e26c:e093,2404:6800:4003:c02::54,QUIC,93
134,18.092772,2404:6800:4003:c02::54,2409:40d0:3c:1240:8ce1:e08e:e26c:e093,QUIC,1288
135,18.092772,2404:6800:4003:c02::54,2409:40d0:3c:1240:8ce1:e08e:e26c:e093,QUIC,444
136,18.092772,2404:6800:4003:c02::54,2409:40d0:3c:1240:8ce1:e08e:e26c:e093,QUIC,96
137,18.093595,2409:40d0:3c:1240:8ce1:e08e:e26c:e093,2404:6800:4003:c02::54,QUIC,97
138,18.093786,2404:6800:4003:c02::54,2409:40d0:3c:1240:8ce1:e08e:e26c:e093,QUIC,228
139,18.094226,2409:40d0:3c:1240:8ce1:e08e:e26c:e093,2404:6800:4003:c02::54,QUIC,93
140,18.11871,0e:60:a2:c9:ef:75,Intel_98:9e:73,ARP,42
141,18.118725,Intel_98:9e:73,0e:60:a2:c9:ef:75,ARP,42
142,18.209243,2404:6800:4003:c02::54,2409:40d0:3c:1240:8ce1:e08e:e26c:e093,QUIC,86
143,21.159731,2620:1ec:21::14,2409:40d0:3c:1240:8ce1:e08e:e26c:e093,TLSv1.2,120
144,21.169724,2409:40d0:3c:1240:8ce1:e08e:e26c:e093,2620:1ec:21::14,TLSv1.2,116
145,21.169935,2409:40d0:3c:1240:8ce1:e08e:e26c:e093,2620:1ec:21::14,TLSv1.2,116
146,21.192432,2620:1ec:21::14,2409:40d0:3c:1240:8ce1:e08e:e26c:e093,TCP,74
147,21.196814,2620:1ec:21::14,2409:40d0:3c:1240:8ce1:e08e:e26c:e093,TCP,74
148,22.819671,2409:40d0:3c:1240:8ce1:e08e:e26c:e093,2620:1ec:21::14,TCP,1374
149,22.819671,2409:40d0:3c:1240:8ce1:e08e:e26c:e093,2620:1ec:21::14,TCP,1374
150,22.819671,2409:40d0:3c:1240:8ce1:e08e:e26c:e093,2620:1ec:21::14,TLSv1.2,805
151,22.819788,2409:40d0:3c:1240:8ce1:e08e:e26c:e093,2620:1ec:21::14,TLSv1.2,1025
152,22.87881,2620:1ec:21::14,2409:40d0:3c:1240:8ce1:e08e:e26c:e093,TCP,74
153,22.893425,2620:1ec:21::14,2409:40d0:3c:1240:8ce1:e08e:e26c:e093,TCP,74
154,22.893425,2620:1ec:21::14,2409:40d0:3c:1240:8ce1:e08e:e26c:e093,TCP,74
155,23.13906,2620:1ec:21::14,2409:40d0:3c:1240:8ce1:e08e:e26c:e093,TLSv1.2,369
156,23.179827,2409:40d0:3c:1240:8ce1:e08e:e26c:e093,2620:1ec:21::14,TCP,74
157,29.716168,2409:40d0:3c:1240:8ce1:e08e:e26c:e093,2404:6800:4002:815::200a,UDP,91
158,29.759681,2404:6800:4002:815::200a,2409:40d0:3c:1240:8ce1:e08e:e26c:e093,UDP,87
159,35.200071,2404:6800:4002:815::200a,2409:40d0:3c:1240:8ce1:e08e:e26c:e093,UDP,141
160,35.200071,2404:6800:4002:815::200a,2409:40d0:3c:1240:8ce1:e08e:e26c:e093,UDP,85
161,35.211016,2409:40d0:3c:1240:8ce1:e08e:e26c:e093,2404:6800:4002:815::200a,UDP,95
162,35.217841,192.168.150.136,192.168.150.153,DNS,91
163,35.217979,192.168.150.136,192.168.150.153,DNS,91
164,35.218077,192.168.150.136,192.168.150.153,DNS,91
165,35.222514,192.168.150.153,192.168.150.136,DNS,119
166,35.222514,192.168.150.153,192.168.150.136,DNS,107
167,35.235019,2409:40d0:3c:1240:8ce1:e08e:e26c:e093,2404:6800:4002:81c::200a,QUIC,1292
168,35.23508,2409:40d0:3c:1240:8ce1:e08e:e26c:e093,2404:6800:4002:81c::200a,QUIC,1292
169,35.23644,2409:40d0:3c:1240:8ce1:e08e:e26c:e093,2404:6800:4002:81c::200a,QUIC,139
170,35.236639,2409:40d0:3c:1240:8ce1:e08e:e26c:e093,2404:6800:4002:81c::200a,QUIC,592
171,35.26043,192.168.150.153,192.168.150.136,DNS,141
172,35.308918,2404:6800:4002:81c::200a,2409:40d0:3c:1240:8ce1:e08e:e26c:e093,QUIC,1292
173,35.378153,2404:6800:4002:81c::200a,2409:40d0:3c:1240:8ce1:e08e:e26c:e093,QUIC,1292
174,35.378153,2404:6800:4002:81c::200a,2409:40d0:3c:1240:8ce1:e08e:e26c:e093,QUIC,368
175,35.378153,2404:6800:4002:81c::200a,2409:40d0:3c:1240:8ce1:e08e:e26c:e093,QUIC,986
176,35.378153,2404:6800:4002:81c::200a,2409:40d0:3c:1240:8ce1:e08e:e26c:e093,QUIC,137
177,35.378153,2404:6800:4002:81c::200a,2409:40d0:3c:1240:8ce1:e08e:e26c:e093,QUIC,86
178,35.379796,2409:40d0:3c:1240:8ce1:e08e:e26c:e093,2404:6800:4002:81c::200a,QUIC,1292
179,35.38009,2409:40d0:3c:1240:8ce1:e08e:e26c:e093,2404:6800:4002:81c::200a,QUIC,93
180,35.407125,2409:40d0:3c:1240:8ce1:e08e:e26c:e093,2404:6800:4002:81c::200a,QUIC,94
181,35.447451,2404:6800:4002:81c::200a,2409:40d0:3c:1240:8ce1:e08e:e26c:e093,QUIC,182
182,35.459772,2404:6800:4002:81c::200a,2409:40d0:3c:1240:8ce1:e08e:e26c:e093,QUIC,84
183,35.460074,2409:40d0:3c:1240:8ce1:e08e:e26c:e093,2404:6800:4002:81c::200a,QUIC,93
184,35.601601,2404:6800:4002:81c::200a,2409:40d0:3c:1240:8ce1:e08e:e26c:e093,QUIC,261
185,35.601601,2404:6800:4002:81c::200a,2409:40d0:3c:1240:8ce1:e08e:e26c:e093,QUIC,83
186,35.602282,2409:40d0:3c:1240:8ce1:e08e:e26c:e093,2404:6800:4002:81c::200a,QUIC,97
187,35.607335,2409:40d0:3c:1240:8ce1:e08e:e26c:e093,2404:6800:4002:815::200a,UDP,751
188,35.620848,2404:6800:4002:81c::200a,2409:40d0:3c:1240:8ce1:e08e:e26c:e093,QUIC,87
189,35.647031,2404:6800:4002:815::200a,2409:40d0:3c:1240:8ce1:e08e:e26c:e093,UDP,92
190,35.66034,2409:40d0:3c:1240:8ce1:e08e:e26c:e093,2404:6800:4002:815::200a,UDP,95
191,35.866974,2404:6800:4002:815::200a,2409:40d0:3c:1240:8ce1:e08e:e26c:e093,UDP,156
192,35.883594,2409:40d0:3c:1240:8ce1:e08e:e26c:e093,2404:6800:4002:815::200a,UDP,100
193,35.919244,2404:6800:4002:815::200a,2409:40d0:3c:1240:8ce1:e08e:e26c:e093,UDP,87
194,36.179964,2620:1ec:21::14,2409:40d0:3c:1240:8ce1:e08e:e26c:e093,TLSv1.2,120
195,36.185014,2409:40d0:3c:1240:8ce1:e08e:e26c:e093,2620:1ec:21::14,TLSv1.2,116
196,36.185135,2409:40d0:3c:1240:8ce1:e08e:e26c:e093,2620:1ec:21::14,TLSv1.2,116
197,36.219722,2620:1ec:21::14,2409:40d0:3c:1240:8ce1:e08e:e26c:e093,TCP,74
198,36.219722,2620:1ec:21::14,2409:40d0:3c:1240:8ce1:e08e:e26c:e093,TCP,74
199,38.094079,2409:40d0:3c:1240:8ce1:e08e:e26c:e093,2404:6800:4003:c0f::bc,TCP,75
200,38.208977,2404:6800:4003:c0f::bc,2409:40d0:3c:1240:8ce1:e08e:e26c:e093,TCP,86
201,38.808321,192.168.150.136,192.168.150.153,DNS,116
202,38.808798,192.168.150.136,192.168.150.153,DNS,116
203,38.809158,192.168.150.136,192.168.150.153,DNS,116
204,39.199293,2409:40d0:3c:1240:8ce1:e08e:e26c:e093,64:ff9b::3457:7a77,TCP,75
205,39.318376,192.168.150.153,192.168.150.136,DNS,144
206,39.328863,192.168.150.153,192.168.150.136,DNS,175
207,39.455447,64:ff9b::3457:7a77,2409:40d0:3c:1240:8ce1:e08e:e26c:e093,TCP,86
208,39.500276,192.168.150.136,192.168.150.153,DNS,116
209,40.359173,192.168.150.153,192.168.150.136,DNS,132
210,40.360255,2409:40d0:3c:1240:8ce1:e08e:e26c:e093,64:ff9b::23e3:cb27,TCP,74
211,40.361142,2409:40d0:3c:1240:8ce1:e08e:e26c:e093,64:ff9b::b928:e8a9,TCP,86
212,40.362971,192.168.150.153,192.168.150.136,DNS,132
213,40.380186,64:ff9b::23e3:cb27,2409:40d0:3c:1240:8ce1:e08e:e26c:e093,TCP,74
214,40.380282,2409:40d0:3c:1240:8ce1:e08e:e26c:e093,64:ff9b::23e3:cb27,TCP,74
215,40.536278,64:ff9b::b928:e8a9,2409:40d0:3c:1240:8ce1:e08e:e26c:e093,TCP,86
216,40.536577,2409:40d0:3c:1240:8ce1:e08e:e26c:e093,64:ff9b::b928:e8a9,TCP,74
217,40.53782,2409:40d0:3c:1240:8ce1:e08e:e26c:e093,64:ff9b::b928:e8a9,TCP,1374
218,40.53782,2409:40d0:3c:1240:8ce1:e08e:e26c:e093,64:ff9b::b928:e8a9,TLSv1.3,604
219,40.736539,64:ff9b::b928:e8a9,2409:40d0:3c:1240:8ce1:e08e:e26c:e093,TCP,76
220,40.736539,64:ff9b::b928:e8a9,2409:40d0:3c:1240:8ce1:e08e:e26c:e093,TCP,76
221,40.736684,64:ff9b::b928:e8a9,2409:40d0:3c:1240:8ce1:e08e:e26c:e093,TLSv1.3,1354
222,40.736684,64:ff9b::b928:e8a9,2409:40d0:3c:1240:8ce1:e08e:e26c:e093,TCP,1354
223,40.736723,2409:40d0:3c:1240:8ce1:e08e:e26c:e093,64:ff9b::b928:e8a9,TCP,74
224,40.737475,64:ff9b::b928:e8a9,2409:40d0:3c:1240:8ce1:e08e:e26c:e093,TLSv1.3,1354
225,40.737475,64:ff9b::b928:e8a9,2409:40d0:3c:1240:8ce1:e08e:e26c:e093,TLSv1.3,330
226,40.737475,64:ff9b::b928:e8a9,2409:40d0:3c:1240:8ce1:e08e:e26c:e093,TLSv1.3,80
227,40.737519,2409:40d0:3c:1240:8ce1:e08e:e26c:e093,64:ff9b::b928:e8a9,TCP,74
228,40.739175,2409:40d0:3c:1240:8ce1:e08e:e26c:e093,64:ff9b::b928:e8a9,TLSv1.3,154
229,40.739334,2409:40d0:3c:1240:8ce1:e08e:e26c:e093,64:ff9b::b928:e8a9,TLSv1.3,714
230,40.9086,64:ff9b::b928:e8a9,2409:40d0:3c:1240:8ce1:e08e:e26c:e093,TLSv1.3,409
231,40.9086,64:ff9b::b928:e8a9,2409:40d0:3c:1240:8ce1:e08e:e26c:e093,TLSv1.3,409
232,40.9086,64:ff9b::b928:e8a9,2409:40d0:3c:1240:8ce1:e08e:e26c:e093,TLSv1.3,1139
233,40.908676,2409:40d0:3c:1240:8ce1:e08e:e26c:e093,64:ff9b::b928:e8a9,TCP,74
234,40.911902,192.168.150.136,192.168.150.153,DNS,80
235,40.912098,192.168.150.136,192.168.150.153,DNS,80
236,40.912259,192.168.150.136,192.168.150.153,DNS,80
237,40.933462,192.168.150.153,192.168.150.136,DNS,147
238,40.933462,192.168.150.153,192.168.150.136,DNS,135
239,40.93797,192.168.150.153,192.168.150.136,DNS,172
240,40.939914,2409:40d0:3c:1240:8ce1:e08e:e26c:e093,2606:2800:247:b713:6f8:1d37:ecd5:e137,TCP,86
241,40.955376,2606:2800:247:b713:6f8:1d37:ecd5:e137,2409:40d0:3c:1240:8ce1:e08e:e26c:e093,TCP,86
242,40.955536,2409:40d0:3c:1240:8ce1:e08e:e26c:e093,2606:2800:247:b713:6f8:1d37:ecd5:e137,TCP,74
243,40.956841,2409:40d0:3c:1240:8ce1:e08e:e26c:e093,2606:2800:247:b713:6f8:1d37:ecd5:e137,TCP,1294
244,40.956841,2409:40d0:3c:1240:8ce1:e08e:e26c:e093,2606:2800:247:b713:6f8:1d37:ecd5:e137,TLSv1.3,648
245,40.981507,2606:2800:247:b713:6f8:1d37:ecd5:e137,2409:40d0:3c:1240:8ce1:e08e:e26c:e093,TCP,74
246,40.981507,2606:2800:247:b713:6f8:1d37:ecd5:e137,2409:40d0:3c:1240:8ce1:e08e:e26c:e093,TCP,74
247,40.982919,2606:2800:247:b713:6f8:1d37:ecd5:e137,2409:40d0:3c:1240:8ce1:e08e:e26c:e093,TLSv1.3,173
248,40.983627,2409:40d0:3c:1240:8ce1:e08e:e26c:e093,2606:2800:247:b713:6f8:1d37:ecd5:e137,TLSv1.3,682
249,41.009397,2606:2800:247:b713:6f8:1d37:ecd5:e137,2409:40d0:3c:1240:8ce1:e08e:e26c:e093,TLSv1.3,1294
250,41.009397,2606:2800:247:b713:6f8:1d37:ecd5:e137,2409:40d0:3c:1240:8ce1:e08e:e26c:e093,TCP,1294
251,41.009397,2606:2800:247:b713:6f8:1d37:ecd5:e137,2409:40d0:3c:1240:8ce1:e08e:e26c:e093,TCP,1294
252,41.009397,2606:2800:247:b713:6f8:1d37:ecd5:e137,2409:40d0:3c:1240:8ce1:e08e:e26c:e093,TCP,510
253,41.009397,2606:2800:247:b713:6f8:1d37:ecd5:e137,2409:40d0:3c:1240:8ce1:e08e:e26c:e093,TLSv1.3,992
254,41.009554,2409:40d0:3c:1240:8ce1:e08e:e26c:e093,2606:2800:247:b713:6f8:1d37:ecd5:e137,TCP,74
255,41.014718,2409:40d0:3c:1240:8ce1:e08e:e26c:e093,2606:2800:247:b713:6f8:1d37:ecd5:e137,TLSv1.3,148
256,41.015148,2409:40d0:3c:1240:8ce1:e08e:e26c:e093,2606:2800:247:b713:6f8:1d37:ecd5:e137,TLSv1.3,166
257,41.015464,2409:40d0:3c:1240:8ce1:e08e:e26c:e093,2606:2800:247:b713:6f8:1d37:ecd5:e137,TLSv1.3,651
258,41.034542,2606:2800:247:b713:6f8:1d37:ecd5:e137,2409:40d0:3c:1240:8ce1:e08e:e26c:e093,TLSv1.3,329
259,41.034542,2606:2800:247:b713:6f8:1d37:ecd5:e137,2409:40d0:3c:1240:8ce1:e08e:e26c:e093,TLSv1.3,329
260,41.034542,2606:2800:247:b713:6f8:1d37:ecd5:e137,2409:40d0:3c:1240:8ce1:e08e:e26c:e093,TLSv1.3,182
261,41.034653,2409:40d0:3c:1240:8ce1:e08e:e26c:e093,2606:2800:247:b713:6f8:1d37:ecd5:e137,TCP,74
262,41.034933,2409:40d0:3c:1240:8ce1:e08e:e26c:e093,2606:2800:247:b713:6f8:1d37:ecd5:e137,TLSv1.3,105
263,41.043956,2606:2800:247:b713:6f8:1d37:ecd5:e137,2409:40d0:3c:1240:8ce1:e08e:e26c:e093,TLSv1.3,105
264,41.052498,2606:2800:247:b713:6f8:1d37:ecd5:e137,2409:40d0:3c:1240:8ce1:e08e:e26c:e093,TLSv1.3,522
265,41.052537,2409:40d0:3c:1240:8ce1:e08e:e26c:e093,2606:2800:247:b713:6f8:1d37:ecd5:e137,TCP,74
266,41.055297,192.168.150.136,192.168.150.153,DNS,75
267,41.055497,192.168.150.136,192.168.150.153,DNS,75
268,41.055618,192.168.150.136,192.168.150.153,DNS,75
269,41.055849,2409:40d0:3c:1240:8ce1:e08e:e26c:e093,2606:2800:247:b713:6f8:1d37:ecd5:e137,TLSv1.3,305
270,41.076009,2606:2800:247:b713:6f8:1d37:ecd5:e137,2409:40d0:3c:1240:8ce1:e08e:e26c:e093,TCP,74
271,41.077359,2606:2800:247:b713:6f8:1d37:ecd5:e137,2409:40d0:3c:1240:8ce1:e08e:e26c:e093,TLSv1.3,232
272,41.079677,192.168.150.153,192.168.150.136,DNS,103
273,41.079677,192.168.150.153,192.168.150.136,DNS,91
274,41.079677,192.168.150.153,192.168.150.136,DNS,152
275,41.07994,2409:40d0:3c:1240:8ce1:e08e:e26c:e093,2606:2800:247:b713:6f8:1d37:ecd5:e137,TLSv1.3,311
276,41.080235,2409:40d0:3c:1240:8ce1:e08e:e26c:e093,2607:f740:e619::1,TCP,86
277,41.080351,2409:40d0:3c:1240:8ce1:e08e:e26c:e093,2607:f740:e619::1,TCP,86
278,41.103758,2606:2800:247:b713:6f8:1d37:ecd5:e137,2409:40d0:3c:1240:8ce1:e08e:e26c:e093,TLSv1.3,1294
279,41.103758,2606:2800:247:b713:6f8:1d37:ecd5:e137,2409:40d0:3c:1240:8ce1:e08e:e26c:e093,TCP,1294
280,41.103758,2606:2800:247:b713:6f8:1d37:ecd5:e137,2409:40d0:3c:1240:8ce1:e08e:e26c:e093,TCP,1294
281,41.103758,2606:2800:247:b713:6f8:1d37:ecd5:e137,2409:40d0:3c:1240:8ce1:e08e:e26c:e093,TCP,1294
282,41.103814,2409:40d0:3c:1240:8ce1:e08e:e26c:e093,2606:2800:247:b713:6f8:1d37:ecd5:e137,TCP,74
283,41.111485,2606:2800:247:b713:6f8:1d37:ecd5:e137,2409:40d0:3c:1240:8ce1:e08e:e26c:e093,TCP,1294
284,41.111485,2606:2800:247:b713:6f8:1d37:ecd5:e137,2409:40d0:3c:1240:8ce1:e08e:e26c:e093,TCP,1294
285,41.111485,2606:2800:247:b713:6f8:1d37:ecd5:e137,2409:40d0:3c:1240:8ce1:e08e:e26c:e093,TCP,1294
286,41.111485,2606:2800:247:b713:6f8:1d37:ecd5:e137,2409:40d0:3c:1240:8ce1:e08e:e26c:e093,TCP,1294
287,41.111541,2409:40d0:3c:1240:8ce1:e08e:e26c:e093,2606:2800:247:b713:6f8:1d37:ecd5:e137,TCP,74
288,41.111854,2606:2800:247:b713:6f8:1d37:ecd5:e137,2409:40d0:3c:1240:8ce1:e08e:e26c:e093,TCP,1294
289,41.121681,2606:2800:247:b713:6f8:1d37:ecd5:e137,2409:40d0:3c:1240:8ce1:e08e:e26c:e093,TCP,1294
290,41.121681,2606:2800:247:b713:6f8:1d37:ecd5:e137,2409:40d0:3c:1240:8ce1:e08e:e26c:e093,TCP,1294
291,41.121681,2606:2800:247:b713:6f8:1d37:ecd5:e137,2409:40d0:3c:1240:8ce1:e08e:e26c:e093,TCP,1294
292,41.121681,2606:2800:247:b713:6f8:1d37:ecd5:e137,2409:40d0:3c:1240:8ce1:e08e:e26c:e093,TCP,1294
293,41.121681,2606:2800:247:b713:6f8:1d37:ecd5:e137,2409:40d0:3c:1240:8ce1:e08e:e26c:e093,TLSv1.3,1294
294,41.121681,2606:2800:247:b713:6f8:1d37:ecd5:e137,2409:40d0:3c:1240:8ce1:e08e:e26c:e093,TCP,1294
295,41.121681,2606:2800:247:b713:6f8:1d37:ecd5:e137,2409:40d0:3c:1240:8ce1:e08e:e26c:e093,TCP,1294
296,41.121681,2606:2800:247:b713:6f8:1d37:ecd5:e137,2409:40d0:3c:1240:8ce1:e08e:e26c:e093,TCP,1294
297,41.121681,2606:2800:247:b713:6f8:1d37:ecd5:e137,2409:40d0:3c:1240:8ce1:e08e:e26c:e093,TCP,1294
298,41.121681,2606:2800:247:b713:6f8:1d37:ecd5:e137,2409:40d0:3c:1240:8ce1:e08e:e26c:e093,TCP,1294
299,41.121681,2606:2800:247:b713:6f8:1d37:ecd5:e137,2409:40d0:3c:1240:8ce1:e08e:e26c:e093,TCP,1294
300,41.121681,2606:2800:247:b713:6f8:1d37:ecd5:e137,2409:40d0:3c:1240:8ce1:e08e:e26c:e093,TCP,1294
301,41.121771,2409:40d0:3c:1240:8ce1:e08e:e26c:e093,2606:2800:247:b713:6f8:1d37:ecd5:e137,TCP,74
302,41.132159,2606:2800:247:b713:6f8:1d37:ecd5:e137,2409:40d0:3c:1240:8ce1:e08e:e26c:e093,TCP,1294
303,41.132159,2606:2800:247:b713:6f8:1d37:ecd5:e137,2409:40d0:3c:1240:8ce1:e08e:e26c:e093,TCP,1294
304,41.132159,2606:2800:247:b713:6f8:1d37:ecd5:e137,2409:40d0:3c:1240:8ce1:e08e:e26c:e093,TCP,1294
305,41.132159,2606:2800:247:b713:6f8:1d37:ecd5:e137,2409:40d0:3c:1240:8ce1:e08e:e26c:e093,TCP,1294
306,41.132159,2606:2800:247:b713:6f8:1d37:ecd5:e137,2409:40d0:3c:1240:8ce1:e08e:e26c:e093,TCP,1294
307,41.132159,2606:2800:247:b713:6f8:1d37:ecd5:e137,2409:40d0:3c:1240:8ce1:e08e:e26c:e093,TCP,1294
308,41.132159,2606:2800:247:b713:6f8:1d37:ecd5:e137,2409:40d0:3c:1240:8ce1:e08e:e26c:e093,TLSv1.3,1294
309,41.132159,2606:2800:247:b713:6f8:1d37:ecd5:e137,2409:40d0:3c:1240:8ce1:e08e:e26c:e093,TCP,1294
310,41.132159,2606:2800:247:b713:6f8:1d37:ecd5:e137,2409:40d0:3c:1240:8ce1:e08e:e26c:e093,TCP,1294
311,41.132159,2606:2800:247:b713:6f8:1d37:ecd5:e137,2409:40d0:3c:1240:8ce1:e08e:e26c:e093,TCP,1294
312,41.132159,2606:2800:247:b713:6f8:1d37:ecd5:e137,2409:40d0:3c:1240:8ce1:e08e:e26c:e093,TCP,1294
313,41.132159,2606:2800:247:b713:6f8:1d37:ecd5:e137,2409:40d0:3c:1240:8ce1:e08e:e26c:e093,TCP,1294
314,41.132159,2606:2800:247:b713:6f8:1d37:ecd5:e137,2409:40d0:3c:1240:8ce1:e08e:e26c:e093,TCP,1294
315,41.132159,2606:2800:247:b713:6f8:1d37:ecd5:e137,2409:40d0:3c:1240:8ce1:e08e:e26c:e093,TCP,1294
316,41.132159,2606:2800:247:b713:6f8:1d37:ecd5:e137,2409:40d0:3c:1240:8ce1:e08e:e26c:e093,TCP,1294
317,41.132278,2409:40d0:3c:1240:8ce1:e08e:e26c:e093,2606:2800:247:b713:6f8:1d37:ecd5:e137,TCP,74
318,41.134768,2606:2800:247:b713:6f8:1d37:ecd5:e137,2409:40d0:3c:1240:8ce1:e08e:e26c:e093,TCP,1294
319,41.134768,2606:2800:247:b713:6f8:1d37:ecd5:e137,2409:40d0:3c:1240:8ce1:e08e:e26c:e093,TCP,1294
320,41.134768,2606:2800:247:b713:6f8:1d37:ecd5:e137,2409:40d0:3c:1240:8ce1:e08e:e26c:e093,TCP,1294
321,41.134768,2606:2800:247:b713:6f8:1d37:ecd5:e137,2409:40d0:3c:1240:8ce1:e08e:e26c:e093,TCP,1294
322,41.134768,2606:2800:247:b713:6f8:1d37:ecd5:e137,2409:40d0:3c:1240:8ce1:e08e:e26c:e093,TLSv1.3,1294
323,41.134768,2606:2800:247:b713:6f8:1d37:ecd5:e137,2409:40d0:3c:1240:8ce1:e08e:e26c:e093,TCP,1294
324,41.134768,2606:2800:247:b713:6f8:1d37:ecd5:e137,2409:40d0:3c:1240:8ce1:e08e:e26c:e093,TCP,1294
325,41.134768,2606:2800:247:b713:6f8:1d37:ecd5:e137,2409:40d0:3c:1240:8ce1:e08e:e26c:e093,TCP,1294
326,41.134768,2606:2800:247:b713:6f8:1d37:ecd5:e137,2409:40d0:3c:1240:8ce1:e08e:e26c:e093,TCP,1294
327,41.134828,2409:40d0:3c:1240:8ce1:e08e:e26c:e093,2606:2800:247:b713:6f8:1d37:ecd5:e137,TCP,74
328,41.140915,2606:2800:247:b713:6f8:1d37:ecd5:e137,2409:40d0:3c:1240:8ce1:e08e:e26c:e093,TCP,1294
329,41.140915,2606:2800:247:b713:6f8:1d37:ecd5:e137,2409:40d0:3c:1240:8ce1:e08e:e26c:e093,TCP,1294
330,41.140915,2606:2800:247:b713:6f8:1d37:ecd5:e137,2409:40d0:3c:1240:8ce1:e08e:e26c:e093,TCP,1294
331,41.140915,2606:2800:247:b713:6f8:1d37:ecd5:e137,2409:40d0:3c:1240:8ce1:e08e:e26c:e093,TCP,1294
332,41.140915,2606:2800:247:b713:6f8:1d37:ecd5:e137,2409:40d0:3c:1240:8ce1:e08e:e26c:e093,TCP,1294
333,41.140915,2606:2800:247:b713:6f8:1d37:ecd5:e137,2409:40d0:3c:1240:8ce1:e08e:e26c:e093,TCP,1294
334,41.140915,2606:2800:247:b713:6f8:1d37:ecd5:e137,2409:40d0:3c:1240:8ce1:e08e:e26c:e093,TCP,1294
335,41.140915,2606:2800:247:b713:6f8:1d37:ecd5:e137,2409:40d0:3c:1240:8ce1:e08e:e26c:e093,TCP,1294
336,41.140915,2606:2800:247:b713:6f8:1d37:ecd5:e137,2409:40d0:3c:1240:8ce1:e08e:e26c:e093,TCP,1294
337,41.140915,2606:2800:247:b713:6f8:1d37:ecd5:e137,2409:40d0:3c:1240:8ce1:e08e:e26c:e093,TLSv1.3,1294
338,41.140915,2606:2800:247:b713:6f8:1d37:ecd5:e137,2409:40d0:3c:1240:8ce1:e08e:e26c:e093,TCP,1294
339,41.140915,2606:2800:247:b713:6f8:1d37:ecd5:e137,2409:40d0:3c:1240:8ce1:e08e:e26c:e093,TCP,1294
340,41.14097,2409:40d0:3c:1240:8ce1:e08e:e26c:e093,2606:2800:247:b713:6f8:1d37:ecd5:e137,TCP,74
341,41.145899,2606:2800:247:b713:6f8:1d37:ecd5:e137,2409:40d0:3c:1240:8ce1:e08e:e26c:e093,TCP,1294
342,41.145899,2606:2800:247:b713:6f8:1d37:ecd5:e137,2409:40d0:3c:1240:8ce1:e08e:e26c:e093,TCP,1294
343,41.145899,2606:2800:247:b713:6f8:1d37:ecd5:e137,2409:40d0:3c:1240:8ce1:e08e:e26c:e093,TCP,1294
344,41.145899,2606:2800:247:b713:6f8:1d37:ecd5:e137,2409:40d0:3c:1240:8ce1:e08e:e26c:e093,TCP,1294
345,41.145899,2606:2800:247:b713:6f8:1d37:ecd5:e137,2409:40d0:3c:1240:8ce1:e08e:e26c:e093,TCP,1294
346,41.145899,2606:2800:247:b713:6f8:1d37:ecd5:e137,2409:40d0:3c:1240:8ce1:e08e:e26c:e093,TCP,1294
347,41.145899,2606:2800:247:b713:6f8:1d37:ecd5:e137,2409:40d0:3c:1240:8ce1:e08e:e26c:e093,TCP,1294
348,41.145899,2606:2800:247:b713:6f8:1d37:ecd5:e137,2409:40d0:3c:1240:8ce1:e08e:e26c:e093,TCP,1294
349,41.145899,2606:2800:247:b713:6f8:1d37:ecd5:e137,2409:40d0:3c:1240:8ce1:e08e:e26c:e093,TCP,1294
350,41.145899,2606:2800:247:b713:6f8:1d37:ecd5:e137,2409:40d0:3c:1240:8ce1:e08e:e26c:e093,TCP,1294
351,41.145899,2606:2800:247:b713:6f8:1d37:ecd5:e137,2409:40d0:3c:1240:8ce1:e08e:e26c:e093,TLSv1.3,1294
352,41.145899,2606:2800:247:b713:6f8:1d37:ecd5:e137,2409:40d0:3c:1240:8ce1:e08e:e26c:e093,TCP,1294
353,41.145969,2409:40d0:3c:1240:8ce1:e08e:e26c:e093,2606:2800:247:b713:6f8:1d37:ecd5:e137,TCP,74
354,41.155507,2606:2800:247:b713:6f8:1d37:ecd5:e137,2409:40d0:3c:1240:8ce1:e08e:e26c:e093,TCP,1294
355,41.155507,2606:2800:247:b713:6f8:1d37:ecd5:e137,2409:40d0:3c:1240:8ce1:e08e:e26c:e093,TCP,1294
356,41.155507,2606:2800:247:b713:6f8:1d37:ecd5:e137,2409:40d0:3c:1240:8ce1:e08e:e26c:e093,TCP,1294
357,41.155507,2606:2800:247:b713:6f8:1d37:ecd5:e137,2409:40d0:3c:1240:8ce1:e08e:e26c:e093,TCP,1294
358,41.155507,2606:2800:247:b713:6f8:1d37:ecd5:e137,2409:40d0:3c:1240:8ce1:e08e:e26c:e093,TCP,1294
359,41.155507,2606:2800:247:b713:6f8:1d37:ecd5:e137,2409:40d0:3c:1240:8ce1:e08e:e26c:e093,TCP,1294
360,41.155507,2606:2800:247:b713:6f8:1d37:ecd5:e137,2409:40d0:3c:1240:8ce1:e08e:e26c:e093,TCP,1294
361,41.155507,2606:2800:247:b713:6f8:1d37:ecd5:e137,2409:40d0:3c:1240:8ce1:e08e:e26c:e093,TCP,1294
362,41.155507,2606:2800:247:b713:6f8:1d37:ecd5:e137,2409:40d0:3c:1240:8ce1:e08e:e26c:e093,TCP,1294
363,41.155507,2606:2800:247:b713:6f8:1d37:ecd5:e137,2409:40d0:3c:1240:8ce1:e08e:e26c:e093,TCP,1294
364,41.155507,2606:2800:247:b713:6f8:1d37:ecd5:e137,2409:40d0:3c:1240:8ce1:e08e:e26c:e093,TCP,1294
365,41.155507,2606:2800:247:b713:6f8:1d37:ecd5:e137,2409:40d0:3c:1240:8ce1:e08e:e26c:e093,TCP,1294
366,41.155507,2606:2800:247:b713:6f8:1d37:ecd5:e137,2409:40d0:3c:1240:8ce1:e08e:e26c:e093,TLSv1.3,1294
367,41.155507,2606:2800:247:b713:6f8:1d37:ecd5:e137,2409:40d0:3c:1240:8ce1:e08e:e26c:e093,TCP,1294
368,41.155507,2606:2800:247:b713:6f8:1d37:ecd5:e137,2409:40d0:3c:1240:8ce1:e08e:e26c:e093,TCP,1294
369,41.155507,2606:2800:247:b713:6f8:1d37:ecd5:e137,2409:40d0:3c:1240:8ce1:e08e:e26c:e093,TLSv1.3,628
370,41.155613,2409:40d0:3c:1240:8ce1:e08e:e26c:e093,2606:2800:247:b713:6f8:1d37:ecd5:e137,TCP,74
371,41.158017,2409:40d0:3c:1240:8ce1:e08e:e26c:e093,2607:f740:e619::1,TCP,86
372,41.158218,192.168.150.136,192.168.150.153,DNS,79
373,41.158327,192.168.150.136,192.168.150.153,DNS,79
374,41.158415,192.168.150.136,192.168.150.153,DNS,79
375,41.187324,192.168.150.153,192.168.150.136,DNS,291
376,41.187324,192.168.150.153,192.168.150.136,DNS,183
377,41.187324,192.168.150.153,192.168.150.136,DNS,213
378,41.188973,2409:40d0:3c:1240:8ce1:e08e:e26c:e093,2405:200:1604::312c:5f8f,TCP,86
379,41.215733,2405:200:1604::312c:5f8f,2409:40d0:3c:1240:8ce1:e08e:e26c:e093,TCP,86
380,41.215889,2409:40d0:3c:1240:8ce1:e08e:e26c:e093,2405:200:1604::312c:5f8f,TCP,74
381,41.217197,2409:40d0:3c:1240:8ce1:e08e:e26c:e093,2405:200:1604::312c:5f8f,TCP,1374
382,41.217197,2409:40d0:3c:1240:8ce1:e08e:e26c:e093,2405:200:1604::312c:5f8f,TLSv1.3,535
383,41.254048,2607:f740:e619::1,2409:40d0:3c:1240:8ce1:e08e:e26c:e093,TCP,86
384,41.254197,2409:40d0:3c:1240:8ce1:e08e:e26c:e093,2607:f740:e619::1,TCP,74
385,41.255441,2409:40d0:3c:1240:8ce1:e08e:e26c:e093,2607:f740:e619::1,TCP,1374
386,41.255441,2409:40d0:3c:1240:8ce1:e08e:e26c:e093,2607:f740:e619::1,TLSv1.3,499
387,41.259962,2607:f740:e619::1,2409:40d0:3c:1240:8ce1:e08e:e26c:e093,TCP,86
388,41.260137,2409:40d0:3c:1240:8ce1:e08e:e26c:e093,2607:f740:e619::1,TCP,74
389,41.261398,2409:40d0:3c:1240:8ce1:e08e:e26c:e093,2607:f740:e619::1,TCP,1374
390,41.261398,2409:40d0:3c:1240:8ce1:e08e:e26c:e093,2607:f740:e619::1,TLSv1.3,531
391,41.273349,2405:200:1604::312c:5f8f,2409:40d0:3c:1240:8ce1:e08e:e26c:e093,TCP,74
392,41.278648,2405:200:1604::312c:5f8f,2409:40d0:3c:1240:8ce1:e08e:e26c:e093,TCP,74
393,41.284059,2405:200:1604::312c:5f8f,2409:40d0:3c:1240:8ce1:e08e:e26c:e093,TLSv1.3,1374
394,41.284059,2405:200:1604::312c:5f8f,2409:40d0:3c:1240:8ce1:e08e:e26c:e093,TCP,1374
395,41.284059,2405:200:1604::312c:5f8f,2409:40d0:3c:1240:8ce1:e08e:e26c:e093,TLSv1.3,1374
396,41.284059,2405:200:1604::312c:5f8f,2409:40d0:3c:1240:8ce1:e08e:e26c:e093,TCP,270
397,41.284231,2409:40d0:3c:1240:8ce1:e08e:e26c:e093,2405:200:1604::312c:5f8f,TCP,74
398,41.300102,2405:200:1604::312c:5f8f,2409:40d0:3c:1240:8ce1:e08e:e26c:e093,TLSv1.3,168
399,41.305102,2409:40d0:3c:1240:8ce1:e08e:e26c:e093,2405:200:1604::312c:5f8f,TLSv1.3,154
400,41.305495,2409:40d0:3c:1240:8ce1:e08e:e26c:e093,2405:200:1604::312c:5f8f,TLSv1.3,166
401,41.305797,2409:40d0:3c:1240:8ce1:e08e:e26c:e093,2405:200:1604::312c:5f8f,TLSv1.3,650
402,41.335532,2405:200:1604::312c:5f8f,2409:40d0:3c:1240:8ce1:e08e:e26c:e093,TLSv1.3,361
403,41.335532,2405:200:1604::312c:5f8f,2409:40d0:3c:1240:8ce1:e08e:e26c:e093,TLSv1.3,361
404,41.335532,2405:200:1604::312c:5f8f,2409:40d0:3c:1240:8ce1:e08e:e26c:e093,TLSv1.3,135
405,41.335532,2405:200:1604::312c:5f8f,2409:40d0:3c:1240:8ce1:e08e:e26c:e093,TLSv1.3,105
406,41.335666,2409:40d0:3c:1240:8ce1:e08e:e26c:e093,2405:200:1604::312c:5f8f,TCP,74
407,41.336107,2409:40d0:3c:1240:8ce1:e08e:e26c:e093,2405:200:1604::312c:5f8f,TLSv1.3,105
408,41.338616,2607:f740:e619::1,2409:40d0:3c:1240:8ce1:e08e:e26c:e093,TCP,78
409,41.33878,2409:40d0:3c:1240:8ce1:e08e:e26c:e093,2607:f740:e619::1,TCP,74
410,41.340148,2409:40d0:3c:1240:8ce1:e08e:e26c:e093,2607:f740:e619::1,TCP,1374
411,41.340148,2409:40d0:3c:1240:8ce1:e08e:e26c:e093,2607:f740:e619::1,TLSv1.3,499
412,41.39499,2405:200:1604::312c:5f8f,2409:40d0:3c:1240:8ce1:e08e:e26c:e093,TCP,74
413,41.45495,2607:f740:e619::1,2409:40d0:3c:1240:8ce1:e08e:e26c:e093,TCP,74
414,41.45495,2607:f740:e619::1,2409:40d0:3c:1240:8ce1:e08e:e26c:e093,TLSv1.3,1374
415,41.45495,2607:f740:e619::1,2409:40d0:3c:1240:8ce1:e08e:e26c:e093,TCP,1374
416,41.45495,2607:f740:e619::1,2409:40d0:3c:1240:8ce1:e08e:e26c:e093,TLSv1.3,1374
417,41.45495,2607:f740:e619::1,2409:40d0:3c:1240:8ce1:e08e:e26c:e093,TCP,270
418,41.45495,2607:f740:e619::1,2409:40d0:3c:1240:8ce1:e08e:e26c:e093,TLSv1.3,172
419,41.455025,2409:40d0:3c:1240:8ce1:e08e:e26c:e093,2607:f740:e619::1,TCP,74
420,41.455426,2409:40d0:3c:1240:8ce1:e08e:e26c:e093,2607:f740:e619::1,TLSv1.3,154
421,41.455569,2409:40d0:3c:1240:8ce1:e08e:e26c:e093,2607:f740:e619::1,TLSv1.3,840
422,41.475698,2607:f740:e619::1,2409:40d0:3c:1240:8ce1:e08e:e26c:e093,TCP,74
423,41.486947,2607:f740:e619::1,2409:40d0:3c:1240:8ce1:e08e:e26c:e093,TCP,74
424,41.494854,2607:f740:e619::1,2409:40d0:3c:1240:8ce1:e08e:e26c:e093,TLSv1.3,1374
425,41.494854,2607:f740:e619::1,2409:40d0:3c:1240:8ce1:e08e:e26c:e093,TCP,1374
426,41.494854,2607:f740:e619::1,2409:40d0:3c:1240:8ce1:e08e:e26c:e093,TLSv1.3,1374
427,41.494854,2607:f740:e619::1,2409:40d0:3c:1240:8ce1:e08e:e26c:e093,TCP,270
428,41.494854,2607:f740:e619::1,2409:40d0:3c:1240:8ce1:e08e:e26c:e093,TLSv1.3,172
429,41.494959,2409:40d0:3c:1240:8ce1:e08e:e26c:e093,2607:f740:e619::1,TCP,74
430,41.495543,2409:40d0:3c:1240:8ce1:e08e:e26c:e093,2607:f740:e619::1,TLSv1.3,154
431,41.495765,2409:40d0:3c:1240:8ce1:e08e:e26c:e093,2607:f740:e619::1,TLSv1.3,830
432,41.529439,2607:f740:e619::1,2409:40d0:3c:1240:8ce1:e08e:e26c:e093,TCP,74
433,41.529439,2607:f740:e619::1,2409:40d0:3c:1240:8ce1:e08e:e26c:e093,TLSv1.3,1294
434,41.529439,2607:f740:e619::1,2409:40d0:3c:1240:8ce1:e08e:e26c:e093,TCP,1294
435,41.529439,2607:f740:e619::1,2409:40d0:3c:1240:8ce1:e08e:e26c:e093,TCP,1294
436,41.529439,2607:f740:e619::1,2409:40d0:3c:1240:8ce1:e08e:e26c:e093,TLSv1.3,510
437,41.529439,2607:f740:e619::1,2409:40d0:3c:1240:8ce1:e08e:e26c:e093,TLSv1.3,172
438,41.529625,2409:40d0:3c:1240:8ce1:e08e:e26c:e093,2607:f740:e619::1,TCP,74
439,41.530739,2409:40d0:3c:1240:8ce1:e08e:e26c:e093,2607:f740:e619::1,TLSv1.3,154
440,41.531173,2409:40d0:3c:1240:8ce1:e08e:e26c:e093,2607:f740:e619::1,TLSv1.3,837
441,41.628802,2607:f740:e619::1,2409:40d0:3c:1240:8ce1:e08e:e26c:e093,TCP,74
442,41.628802,2607:f740:e619::1,2409:40d0:3c:1240:8ce1:e08e:e26c:e093,TLSv1.3,377
443,41.628802,2607:f740:e619::1,2409:40d0:3c:1240:8ce1:e08e:e26c:e093,TLSv1.3,377
444,41.628858,2409:40d0:3c:1240:8ce1:e08e:e26c:e093,2607:f740:e619::1,TCP,74
445,41.631928,2607:f740:e619::1,2409:40d0:3c:1240:8ce1:e08e:e26c:e093,TLSv1.3,372
446,41.63395,2405:200:1604::312c:5f8f,2409:40d0:3c:1240:8ce1:e08e:e26c:e093,TLSv1.3,547
447,41.63395,2405:200:1604::312c:5f8f,2409:40d0:3c:1240:8ce1:e08e:e26c:e093,TLSv1.3,148
448,41.633997,2409:40d0:3c:1240:8ce1:e08e:e26c:e093,2405:200:1604::312c:5f8f,TCP,74
449,41.636462,2409:40d0:3c:1240:8ce1:e08e:e26c:e093,2607:f740:e619::1,TLSv1.3,841
450,41.636712,2409:40d0:3c:1240:8ce1:e08e:e26c:e093,2405:200:1604::312c:5f8f,TLSv1.3,305
451,41.675521,2607:f740:e619::1,2409:40d0:3c:1240:8ce1:e08e:e26c:e093,TCP,74
452,41.675521,2607:f740:e619::1,2409:40d0:3c:1240:8ce1:e08e:e26c:e093,TLSv1.3,377
453,41.675521,2607:f740:e619::1,2409:40d0:3c:1240:8ce1:e08e:e26c:e093,TLSv1.3,377
454,41.675571,2409:40d0:3c:1240:8ce1:e08e:e26c:e093,2607:f740:e619::1,TCP,74
455,41.676874,2405:200:1604::312c:5f8f,2409:40d0:3c:1240:8ce1:e08e:e26c:e093,TCP,74
456,41.676874,2607:f740:e619::1,2409:40d0:3c:1240:8ce1:e08e:e26c:e093,TLSv1.3,372
457,41.701285,2607:f740:e619::1,2409:40d0:3c:1240:8ce1:e08e:e26c:e093,TLSv1.3,377
458,41.701285,2607:f740:e619::1,2409:40d0:3c:1240:8ce1:e08e:e26c:e093,TLSv1.3,377
459,41.701327,2409:40d0:3c:1240:8ce1:e08e:e26c:e093,2607:f740:e619::1,TCP,74
460,41.709152,2607:f740:e619::1,2409:40d0:3c:1240:8ce1:e08e:e26c:e093,TLSv1.3,372
461,41.726225,2409:40d0:3c:1240:8ce1:e08e:e26c:e093,2607:f740:e619::1,TCP,74
462,41.757616,2409:40d0:3c:1240:8ce1:e08e:e26c:e093,2607:f740:e619::1,TCP,74
463,41.830052,2607:f740:e619::1,2409:40d0:3c:1240:8ce1:e08e:e26c:e093,TLSv1.3,372
464,41.88534,2409:40d0:3c:1240:8ce1:e08e:e26c:e093,2607:f740:e619::1,TCP,74
465,41.909082,64:ff9b::b928:e8a9,2409:40d0:3c:1240:8ce1:e08e:e26c:e093,TLSv1.3,98
466,41.909082,64:ff9b::b928:e8a9,2409:40d0:3c:1240:8ce1:e08e:e26c:e093,TCP,74
467,41.909132,2409:40d0:3c:1240:8ce1:e08e:e26c:e093,64:ff9b::b928:e8a9,TCP,74
468,41.965059,2405:200:1604::312c:5f8f,2409:40d0:3c:1240:8ce1:e08e:e26c:e093,TLSv1.3,548
469,41.965059,2405:200:1604::312c:5f8f,2409:40d0:3c:1240:8ce1:e08e:e26c:e093,TLSv1.3,148
470,41.965194,2409:40d0:3c:1240:8ce1:e08e:e26c:e093,2405:200:1604::312c:5f8f,TCP,74
471,41.969605,2409:40d0:3c:1240:8ce1:e08e:e26c:e093,64:ff9b::b928:e8a9,TCP,74
472,41.969652,2409:40d0:3c:1240:8ce1:e08e:e26c:e093,64:ff9b::b928:e8a9,TCP,74
473,41.969772,2409:40d0:3c:1240:8ce1:e08e:e26c:e093,2607:f740:e619::1,TLSv1.3,834
474,42.142235,64:ff9b::b928:e8a9,2409:40d0:3c:1240:8ce1:e08e:e26c:e093,TCP,74
475,42.158836,2607:f740:e619::1,2409:40d0:3c:1240:8ce1:e08e:e26c:e093,TLSv1.3,372
476,42.199837,2409:40d0:3c:1240:8ce1:e08e:e26c:e093,2607:f740:e619::1,TCP,74
477,42.677106,2607:f740:e619::1,2409:40d0:3c:1240:8ce1:e08e:e26c:e093,TLSv1.3,98
478,42.677106,2607:f740:e619::1,2409:40d0:3c:1240:8ce1:e08e:e26c:e093,TCP,74
479,42.677181,2409:40d0:3c:1240:8ce1:e08e:e26c:e093,2607:f740:e619::1,TCP,74
480,42.707387,2607:f740:e619::1,2409:40d0:3c:1240:8ce1:e08e:e26c:e093,TLSv1.3,98
481,42.707387,2607:f740:e619::1,2409:40d0:3c:1240:8ce1:e08e:e26c:e093,TCP,74
482,42.70749,2409:40d0:3c:1240:8ce1:e08e:e26c:e093,2607:f740:e619::1,TCP,74
483,43.217463,2607:f740:e619::1,2409:40d0:3c:1240:8ce1:e08e:e26c:e093,TLSv1.3,98
484,43.217463,2607:f740:e619::1,2409:40d0:3c:1240:8ce1:e08e:e26c:e093,TCP,74
485,43.21757,2409:40d0:3c:1240:8ce1:e08e:e26c:e093,2607:f740:e619::1,TCP,74
486,43.805091,192.168.150.136,192.168.150.153,DNS,75
487,43.805484,192.168.150.136,192.168.150.153,DNS,75
488,43.805809,192.168.150.136,192.168.150.153,DNS,75
489,43.810457,192.168.150.153,192.168.150.136,DNS,103
490,43.810457,192.168.150.153,192.168.150.136,DNS,91
491,43.832977,2409:40d0:3c:1240:8ce1:e08e:e26c:e093,2404:6800:4002:810::200e,QUIC,1292
492,43.833161,2409:40d0:3c:1240:8ce1:e08e:e26c:e093,2404:6800:4002:810::200e,QUIC,1292
493,43.837131,2409:40d0:3c:1240:8ce1:e08e:e26c:e093,2404:6800:4002:810::200e,QUIC,138
494,43.856597,192.168.150.153,192.168.150.136,DNS,125
495,43.87125,2404:6800:4002:810::200e,2409:40d0:3c:1240:8ce1:e08e:e26c:e093,QUIC,1292
496,43.932599,2404:6800:4002:810::200e,2409:40d0:3c:1240:8ce1:e08e:e26c:e093,QUIC,1292
497,43.932599,2404:6800:4002:810::200e,2409:40d0:3c:1240:8ce1:e08e:e26c:e093,QUIC,361
498,43.933398,2404:6800:4002:810::200e,2409:40d0:3c:1240:8ce1:e08e:e26c:e093,QUIC,692
499,43.933398,2404:6800:4002:810::200e,2409:40d0:3c:1240:8ce1:e08e:e26c:e093,QUIC,87
500,43.934107,2409:40d0:3c:1240:8ce1:e08e:e26c:e093,2404:6800:4002:810::200e,QUIC,1292
501,43.934378,2409:40d0:3c:1240:8ce1:e08e:e26c:e093,2404:6800:4002:810::200e,QUIC,93
502,43.93504,2409:40d0:3c:1240:8ce1:e08e:e26c:e093,2404:6800:4002:810::200e,QUIC,1288
503,43.935158,2409:40d0:3c:1240:8ce1:e08e:e26c:e093,2404:6800:4002:810::200e,QUIC,1288
504,43.93525,2409:40d0:3c:1240:8ce1:e08e:e26c:e093,2404:6800:4002:810::200e,QUIC,311
505,43.955869,2404:6800:4002:810::200e,2409:40d0:3c:1240:8ce1:e08e:e26c:e093,QUIC,182
506,43.958371,2404:6800:4002:810::200e,2409:40d0:3c:1240:8ce1:e08e:e26c:e093,QUIC,87
507,43.959497,2404:6800:4002:810::200e,2409:40d0:3c:1240:8ce1:e08e:e26c:e093,QUIC,91
508,43.960063,2409:40d0:3c:1240:8ce1:e08e:e26c:e093,2404:6800:4002:810::200e,QUIC,93
509,43.960339,2404:6800:4002:810::200e,2409:40d0:3c:1240:8ce1:e08e:e26c:e093,QUIC,87
510,44.100007,2404:6800:4002:810::200e,2409:40d0:3c:1240:8ce1:e08e:e26c:e093,QUIC,624
511,44.102385,2404:6800:4002:810::200e,2409:40d0:3c:1240:8ce1:e08e:e26c:e093,QUIC,178
512,44.102604,2409:40d0:3c:1240:8ce1:e08e:e26c:e093,2404:6800:4002:810::200e,QUIC,97
513,44.148422,2404:6800:4002:810::200e,2409:40d0:3c:1240:8ce1:e08e:e26c:e093,QUIC,86
514,44.48957,0e:60:a2:c9:ef:75,Intel_98:9e:73,ARP,42
515,44.489597,Intel_98:9e:73,0e:60:a2:c9:ef:75,ARP,42
516,45.510753,fe80::c60:a2ff:fec9:ef75,2409:40d0:3c:1240:8ce1:e08e:e26c:e093,ICMPv6,86
517,45.510832,2409:40d0:3c:1240:8ce1:e08e:e26c:e093,fe80::c60:a2ff:fec9:ef75,ICMPv6,86
518,47.000173,2409:40d0:3c:1240:8ce1:e08e:e26c:e093,2404:6800:4002:81c::2005,TCP,75
519,47.036238,2404:6800:4002:81c::2005,2409:40d0:3c:1240:8ce1:e08e:e26c:e093,TCP,86
520,50.618262,2409:40d0:3c:1240:8ce1:e08e:e26c:e093,2404:6800:4002:815::200a,UDP,91
521,50.667167,2404:6800:4002:815::200a,2409:40d0:3c:1240:8ce1:e08e:e26c:e093,UDP,87
522,51.219848,2620:1ec:21::14,2409:40d0:3c:1240:8ce1:e08e:e26c:e093,TLSv1.2,120
523,51.235913,2409:40d0:3c:1240:8ce1:e08e:e26c:e093,2620:1ec:21::14,TLSv1.2,116
524,51.236063,2409:40d0:3c:1240:8ce1:e08e:e26c:e093,2620:1ec:21::14,TLSv1.2,116
525,51.273437,2620:1ec:21::14,2409:40d0:3c:1240:8ce1:e08e:e26c:e093,TCP,74
526,51.278334,2620:1ec:21::14,2409:40d0:3c:1240:8ce1:e08e:e26c:e093,TCP,74
527,53.809648,2409:40d0:3c:1240:8ce1:e08e:e26c:e093,2620:1ec:21::14,TCP,1374
528,53.809648,2409:40d0:3c:1240:8ce1:e08e:e26c:e093,2620:1ec:21::14,TCP,1374
529,53.809648,2409:40d0:3c:1240:8ce1:e08e:e26c:e093,2620:1ec:21::14,TCP,1374
530,53.809648,2409:40d0:3c:1240:8ce1:e08e:e26c:e093,2620:1ec:21::14,TCP,1374
531,53.809648,2409:40d0:3c:1240:8ce1:e08e:e26c:e093,2620:1ec:21::14,TCP,1374
532,53.809648,2409:40d0:3c:1240:8ce1:e08e:e26c:e093,2620:1ec:21::14,TLSv1.2,1140
533,53.809794,2409:40d0:3c:1240:8ce1:e08e:e26c:e093,2620:1ec:21::14,TLSv1.2,294
534,53.882656,2620:1ec:21::14,2409:40d0:3c:1240:8ce1:e08e:e26c:e093,TCP,74
535,53.91258,2620:1ec:21::14,2409:40d0:3c:1240:8ce1:e08e:e26c:e093,TCP,74
536,53.92223,2620:1ec:21::14,2409:40d0:3c:1240:8ce1:e08e:e26c:e093,TCP,74
537,53.937157,2620:1ec:21::14,2409:40d0:3c:1240:8ce1:e08e:e26c:e093,TCP,74
538,53.962359,2620:1ec:21::14,2409:40d0:3c:1240:8ce1:e08e:e26c:e093,TCP,74
539,53.967227,2620:1ec:21::14,2409:40d0:3c:1240:8ce1:e08e:e26c:e093,TCP,74
540,53.972142,2620:1ec:21::14,2409:40d0:3c:1240:8ce1:e08e:e26c:e093,TCP,74
541,54.22348,2620:1ec:21::14,2409:40d0:3c:1240:8ce1:e08e:e26c:e093,TLSv1.2,257
542,54.265791,2409:40d0:3c:1240:8ce1:e08e:e26c:e093,2620:1ec:21::14,TCP,74
543,54.944683,2409:40d0:3c:1240:8ce1:e08e:e26c:e093,64:ff9b::8c52:721a,TCP,75
544,55.331271,64:ff9b::8c52:721a,2409:40d0:3c:1240:8ce1:e08e:e26c:e093,TCP,86
545,55.436714,2404:6800:4002:815::200a,2409:40d0:3c:1240:8ce1:e08e:e26c:e093,UDP,140
546,55.451918,2409:40d0:3c:1240:8ce1:e08e:e26c:e093,2404:6800:4002:815::200a,UDP,95
547,55.972067,192.168.150.136,192.168.150.153,DNS,89
548,55.972472,192.168.150.136,192.168.150.153,DNS,89
549,55.972809,192.168.150.136,192.168.150.153,DNS,89
550,55.974888,192.168.150.153,192.168.150.136,DNS,117
551,55.982121,192.168.150.153,192.168.150.136,DNS,105
552,55.992562,192.168.150.153,192.168.150.136,DNS,146
553,55.995468,2409:40d0:3c:1240:8ce1:e08e:e26c:e093,2404:6800:4002:820::2003,QUIC,1292
554,55.99564,2409:40d0:3c:1240:8ce1:e08e:e26c:e093,2404:6800:4002:820::2003,QUIC,1292
555,55.995753,2409:40d0:3c:1240:8ce1:e08e:e26c:e093,2404:6800:4002:820::2003,QUIC,1292
556,55.999481,2409:40d0:3c:1240:8ce1:e08e:e26c:e093,2404:6800:4002:820::2003,QUIC,140
557,56.081544,2409:40d0:3c:1240:8ce1:e08e:e26c:e093,2404:6800:4002:820::2003,QUIC,1292
558,56.088165,2404:6800:4002:820::2003,2409:40d0:3c:1240:8ce1:e08e:e26c:e093,QUIC,1292
559,56.088165,2404:6800:4002:820::2003,2409:40d0:3c:1240:8ce1:e08e:e26c:e093,QUIC,1292
560,56.112857,2404:6800:4002:820::2003,2409:40d0:3c:1240:8ce1:e08e:e26c:e093,QUIC,1292
561,56.151372,2404:6800:4002:820::2003,2409:40d0:3c:1240:8ce1:e08e:e26c:e093,QUIC,1292
562,56.151372,2404:6800:4002:820::2003,2409:40d0:3c:1240:8ce1:e08e:e26c:e093,QUIC,374
563,56.151372,2404:6800:4002:820::2003,2409:40d0:3c:1240:8ce1:e08e:e26c:e093,QUIC,980
564,56.151372,2404:6800:4002:820::2003,2409:40d0:3c:1240:8ce1:e08e:e26c:e093,QUIC,139
565,56.151372,2404:6800:4002:820::2003,2409:40d0:3c:1240:8ce1:e08e:e26c:e093,QUIC,86
566,56.152894,2409:40d0:3c:1240:8ce1:e08e:e26c:e093,2404:6800:4002:820::2003,QUIC,1292
567,56.153166,2409:40d0:3c:1240:8ce1:e08e:e26c:e093,2404:6800:4002:820::2003,QUIC,93
568,56.153809,2409:40d0:3c:1240:8ce1:e08e:e26c:e093,2404:6800:4002:820::2003,QUIC,1288
569,56.153917,2409:40d0:3c:1240:8ce1:e08e:e26c:e093,2404:6800:4002:820::2003,QUIC,1292
570,56.154014,2409:40d0:3c:1240:8ce1:e08e:e26c:e093,2404:6800:4002:820::2003,QUIC,1292
571,56.154117,2409:40d0:3c:1240:8ce1:e08e:e26c:e093,2404:6800:4002:820::2003,QUIC,1292
572,56.154218,2409:40d0:3c:1240:8ce1:e08e:e26c:e093,2404:6800:4002:820::2003,QUIC,1292
573,56.154319,2409:40d0:3c:1240:8ce1:e08e:e26c:e093,2404:6800:4002:820::2003,QUIC,1292
574,56.159901,2409:40d0:3c:1240:8ce1:e08e:e26c:e093,2404:6800:4002:820::2003,QUIC,1292
575,56.160151,2409:40d0:3c:1240:8ce1:e08e:e26c:e093,2404:6800:4002:820::2003,QUIC,1292
576,56.160293,2409:40d0:3c:1240:8ce1:e08e:e26c:e093,2404:6800:4002:820::2003,QUIC,1292
577,56.160457,2409:40d0:3c:1240:8ce1:e08e:e26c:e093,2404:6800:4002:820::2003,QUIC,1292
578,56.160575,2409:40d0:3c:1240:8ce1:e08e:e26c:e093,2404:6800:4002:820::2003,QUIC,1292
579,56.160689,2409:40d0:3c:1240:8ce1:e08e:e26c:e093,2404:6800:4002:820::2003,QUIC,1292
580,56.175571,2409:40d0:3c:1240:8ce1:e08e:e26c:e093,2404:6800:4002:820::2003,QUIC,1292
581,56.175646,2409:40d0:3c:1240:8ce1:e08e:e26c:e093,2404:6800:4002:820::2003,QUIC,1292
582,56.175685,2409:40d0:3c:1240:8ce1:e08e:e26c:e093,2404:6800:4002:820::2003,QUIC,1292
583,56.175713,2409:40d0:3c:1240:8ce1:e08e:e26c:e093,2404:6800:4002:820::2003,QUIC,1292
584,56.175743,2409:40d0:3c:1240:8ce1:e08e:e26c:e093,2404:6800:4002:820::2003,QUIC,1292
585,56.175771,2409:40d0:3c:1240:8ce1:e08e:e26c:e093,2404:6800:4002:820::2003,QUIC,1292
586,56.175802,2409:40d0:3c:1240:8ce1:e08e:e26c:e093,2404:6800:4002:820::2003,QUIC,1292
587,56.175838,2409:40d0:3c:1240:8ce1:e08e:e26c:e093,2404:6800:4002:820::2003,QUIC,1292
588,56.17588,2409:40d0:3c:1240:8ce1:e08e:e26c:e093,2404:6800:4002:820::2003,QUIC,1292
589,56.175921,2409:40d0:3c:1240:8ce1:e08e:e26c:e093,2404:6800:4002:820::2003,QUIC,1292
590,56.175957,2409:40d0:3c:1240:8ce1:e08e:e26c:e093,2404:6800:4002:820::2003,QUIC,1292
591,56.176035,2409:40d0:3c:1240:8ce1:e08e:e26c:e093,2404:6800:4002:820::2003,QUIC,1292
592,56.176123,2409:40d0:3c:1240:8ce1:e08e:e26c:e093,2404:6800:4002:820::2003,QUIC,1292
593,56.17619,2409:40d0:3c:1240:8ce1:e08e:e26c:e093,2404:6800:4002:820::2003,QUIC,1292
594,56.19126,2409:40d0:3c:1240:8ce1:e08e:e26c:e093,2404:6800:4002:820::2003,QUIC,1292
595,56.191339,2409:40d0:3c:1240:8ce1:e08e:e26c:e093,2404:6800:4002:820::2003,QUIC,279
596,56.207964,2404:6800:4002:820::2003,2409:40d0:3c:1240:8ce1:e08e:e26c:e093,QUIC,182
597,56.216026,2404:6800:4002:820::2003,2409:40d0:3c:1240:8ce1:e08e:e26c:e093,QUIC,91
598,56.216361,2409:40d0:3c:1240:8ce1:e08e:e26c:e093,2404:6800:4002:820::2003,QUIC,93
599,56.227552,2404:6800:4002:820::2003,2409:40d0:3c:1240:8ce1:e08e:e26c:e093,QUIC,87
600,56.233635,2404:6800:4002:820::2003,2409:40d0:3c:1240:8ce1:e08e:e26c:e093,QUIC,87
601,56.253836,2404:6800:4002:820::2003,2409:40d0:3c:1240:8ce1:e08e:e26c:e093,QUIC,87
602,56.263275,2404:6800:4002:820::2003,2409:40d0:3c:1240:8ce1:e08e:e26c:e093,QUIC,87
603,56.277945,2404:6800:4002:820::2003,2409:40d0:3c:1240:8ce1:e08e:e26c:e093,QUIC,87
604,56.292825,2404:6800:4002:820::2003,2409:40d0:3c:1240:8ce1:e08e:e26c:e093,QUIC,87
605,56.313042,2404:6800:4002:820::2003,2409:40d0:3c:1240:8ce1:e08e:e26c:e093,QUIC,87
606,56.31883,2404:6800:4002:820::2003,2409:40d0:3c:1240:8ce1:e08e:e26c:e093,QUIC,190
607,56.319092,2409:40d0:3c:1240:8ce1:e08e:e26c:e093,2404:6800:4002:820::2003,QUIC,95
608,56.323237,2404:6800:4002:820::2003,2409:40d0:3c:1240:8ce1:e08e:e26c:e093,QUIC,87
609,56.333246,2404:6800:4002:820::2003,2409:40d0:3c:1240:8ce1:e08e:e26c:e093,QUIC,87
610,56.346038,2404:6800:4002:820::2003,2409:40d0:3c:1240:8ce1:e08e:e26c:e093,QUIC,87
611,56.366403,2404:6800:4002:820::2003,2409:40d0:3c:1240:8ce1:e08e:e26c:e093,QUIC,87
612,56.368211,2404:6800:4002:820::2003,2409:40d0:3c:1240:8ce1:e08e:e26c:e093,QUIC,87
613,56.385088,2404:6800:4002:820::2003,2409:40d0:3c:1240:8ce1:e08e:e26c:e093,QUIC,87
614,56.393018,2404:6800:4002:820::2003,2409:40d0:3c:1240:8ce1:e08e:e26c:e093,QUIC,87
615,56.604035,2409:40d0:3c:1240:8ce1:e08e:e26c:e093,2404:6800:4002:820::2003,QUIC,91
616,56.626647,2404:6800:4002:820::2003,2409:40d0:3c:1240:8ce1:e08e:e26c:e093,QUIC,268
617,56.62878,2404:6800:4002:820::2003,2409:40d0:3c:1240:8ce1:e08e:e26c:e093,QUIC,296
618,56.629205,2409:40d0:3c:1240:8ce1:e08e:e26c:e093,2404:6800:4002:820::2003,QUIC,97
619,56.673296,2404:6800:4002:820::2003,2409:40d0:3c:1240:8ce1:e08e:e26c:e093,QUIC,86
620,60.95207,Intel_98:9e:73,0e:60:a2:c9:ef:75,ARP,42
621,60.960797,0e:60:a2:c9:ef:75,Intel_98:9e:73,ARP,42
622,61.779957,2404:6800:4002:81c::2005,2409:40d0:3c:1240:8ce1:e08e:e26c:e093,TLSv1.2,147
623,61.780299,2409:40d0:3c:1240:8ce1:e08e:e26c:e093,2404:6800:4002:81c::2005,TCP,74
624,61.815653,2404:6800:4002:81c::2005,2409:40d0:3c:1240:8ce1:e08e:e26c:e093,TCP,74
625,61.815749,2409:40d0:3c:1240:8ce1:e08e:e26c:e093,2404:6800:4002:81c::2005,TCP,74
626,66.259264,2620:1ec:21::14,2409:40d0:3c:1240:8ce1:e08e:e26c:e093,TLSv1.2,120
627,66.263107,2409:40d0:3c:1240:8ce1:e08e:e26c:e093,2620:1ec:21::14,TLSv1.2,116
628,66.263312,2409:40d0:3c:1240:8ce1:e08e:e26c:e093,2620:1ec:21::14,TLSv1.2,116
629,66.290105,2620:1ec:21::14,2409:40d0:3c:1240:8ce1:e08e:e26c:e093,TCP,74
630,66.295023,2620:1ec:21::14,2409:40d0:3c:1240:8ce1:e08e:e26c:e093,TCP,74
631,67.016,fe80::c60:a2ff:fec9:ef75,2409:40d0:3c:1240:8ce1:e08e:e26c:e093,ICMPv6,86
632,67.016087,2409:40d0:3c:1240:8ce1:e08e:e26c:e093,fe80::c60:a2ff:fec9:ef75,ICMPv6,86
633,69.620894,64:ff9b::8c52:721a,2409:40d0:3c:1240:8ce1:e08e:e26c:e093,TLSv1.2,100
634,69.621237,2409:40d0:3c:1240:8ce1:e08e:e26c:e093,64:ff9b::8c52:721a,TLSv1.2,104
635,69.939292,64:ff9b::8c52:721a,2409:40d0:3c:1240:8ce1:e08e:e26c:e093,TCP,76
636,70.446751,2409:40d0:3c:1240:8ce1:e08e:e26c:e093,2404:6800:4002:815::200a,UDP,91
637,70.52641,2409:40d0:3c:1240:8ce1:e08e:e26c:e093,2404:6800:4002:815::200a,UDP,91
638,70.548942,2404:6800:4002:815::200a,2409:40d0:3c:1240:8ce1:e08e:e26c:e093,UDP,87
639,70.563038,2404:6800:4002:815::200a,2409:40d0:3c:1240:8ce1:e08e:e26c:e093,UDP,88
640,73.814295,192.168.150.136,192.168.150.153,DNS,75
641,73.814425,192.168.150.136,192.168.150.153,DNS,75
642,73.814513,192.168.150.136,192.168.150.153,DNS,75
643,73.816277,192.168.150.153,192.168.150.136,DNS,103
644,73.85206,192.168.150.153,192.168.150.136,DNS,91
645,73.857758,192.168.150.153,192.168.150.136,DNS,132
646,73.858956,2409:40d0:3c:1240:8ce1:e08e:e26c:e093,2404:6800:4002:82e::2003,QUIC,1292
647,73.859043,2409:40d0:3c:1240:8ce1:e08e:e26c:e093,2404:6800:4002:82e::2003,QUIC,1292
648,73.859083,2409:40d0:3c:1240:8ce1:e08e:e26c:e093,2404:6800:4002:82e::2003,QUIC,1292
649,73.860566,2409:40d0:3c:1240:8ce1:e08e:e26c:e093,2404:6800:4002:82e::2003,QUIC,139
650,73.860769,2409:40d0:3c:1240:8ce1:e08e:e26c:e093,2404:6800:4002:82e::2003,QUIC,857
651,73.908159,2404:6800:4002:82e::2003,2409:40d0:3c:1240:8ce1:e08e:e26c:e093,QUIC,1292
652,73.908159,2404:6800:4002:82e::2003,2409:40d0:3c:1240:8ce1:e08e:e26c:e093,QUIC,1292
653,73.932922,2409:40d0:3c:1240:8ce1:e08e:e26c:e093,2404:6800:4002:82e::2003,QUIC,1292
654,73.962973,2404:6800:4002:82e::2003,2409:40d0:3c:1240:8ce1:e08e:e26c:e093,QUIC,1292
655,73.976947,2404:6800:4002:82e::2003,2409:40d0:3c:1240:8ce1:e08e:e26c:e093,QUIC,1292
656,73.976947,2404:6800:4002:82e::2003,2409:40d0:3c:1240:8ce1:e08e:e26c:e093,QUIC,357
657,73.976947,2404:6800:4002:82e::2003,2409:40d0:3c:1240:8ce1:e08e:e26c:e093,QUIC,997
658,73.976947,2404:6800:4002:82e::2003,2409:40d0:3c:1240:8ce1:e08e:e26c:e093,QUIC,94
659,73.976947,2404:6800:4002:82e::2003,2409:40d0:3c:1240:8ce1:e08e:e26c:e093,QUIC,86
660,73.976947,2404:6800:4002:82e::2003,2409:40d0:3c:1240:8ce1:e08e:e26c:e093,QUIC,84
661,73.978637,2409:40d0:3c:1240:8ce1:e08e:e26c:e093,2404:6800:4002:82e::2003,QUIC,1292
662,73.97894,2409:40d0:3c:1240:8ce1:e08e:e26c:e093,2404:6800:4002:82e::2003,QUIC,93
663,73.97925,2409:40d0:3c:1240:8ce1:e08e:e26c:e093,2404:6800:4002:82e::2003,QUIC,93
664,74.008275,2404:6800:4002:82e::2003,2409:40d0:3c:1240:8ce1:e08e:e26c:e093,QUIC,182
665,74.043859,2409:40d0:3c:1240:8ce1:e08e:e26c:e093,2404:6800:4002:82e::2003,QUIC,94
666,74.044952,2404:6800:4002:82e::2003,2409:40d0:3c:1240:8ce1:e08e:e26c:e093,QUIC,594
667,74.044952,2404:6800:4002:82e::2003,2409:40d0:3c:1240:8ce1:e08e:e26c:e093,QUIC,84
668,74.045597,2409:40d0:3c:1240:8ce1:e08e:e26c:e093,2404:6800:4002:82e::2003,QUIC,97
669,74.064665,2404:6800:4002:82e::2003,2409:40d0:3c:1240:8ce1:e08e:e26c:e093,QUIC,87
670,75.799969,2404:6800:4002:815::200a,2409:40d0:3c:1240:8ce1:e08e:e26c:e093,UDP,141
671,75.806119,2409:40d0:3c:1240:8ce1:e08e:e26c:e093,2404:6800:4002:815::200a,UDP,95
672,78.950217,0e:60:a2:c9:ef:75,Intel_98:9e:73,ARP,42
673,78.950244,Intel_98:9e:73,0e:60:a2:c9:ef:75,ARP,42
674,79.791295,2409:40d0:3c:1240:8ce1:e08e:e26c:e093,2603:1040:a06:6::1,TCP,75
675,79.838162,2603:1040:a06:6::1,2409:40d0:3c:1240:8ce1:e08e:e26c:e093,TCP,86
676,80.602911,192.168.150.136,239.255.255.250,SSDP,217
677,81.160442,2620:1ec:21::14,2409:40d0:3c:1240:8ce1:e08e:e26c:e093,TLSv1.2,120
678,81.175454,2409:40d0:3c:1240:8ce1:e08e:e26c:e093,2620:1ec:21::14,TLSv1.2,116
679,81.175554,2409:40d0:3c:1240:8ce1:e08e:e26c:e093,2620:1ec:21::14,TLSv1.2,116
680,81.19885,2620:1ec:21::14,2409:40d0:3c:1240:8ce1:e08e:e26c:e093,TCP,74
681,81.203279,2620:1ec:21::14,2409:40d0:3c:1240:8ce1:e08e:e26c:e093,TCP,74
682,81.618122,192.168.150.136,239.255.255.250,SSDP,217
683,82.628031,192.168.150.136,239.255.255.250,SSDP,217
684,83.221233,2409:40d0:3c:1240:8ce1:e08e:e26c:e093,2404:6800:4003:c0f::bc,TCP,75
685,83.327907,2404:6800:4003:c0f::bc,2409:40d0:3c:1240:8ce1:e08e:e26c:e093,TCP,86
686,83.629627,192.168.150.136,239.255.255.250,SSDP,217
687,84.463835,2409:40d0:3c:1240:8ce1:e08e:e26c:e093,64:ff9b::3457:7a77,TCP,75
688,84.819928,64:ff9b::3457:7a77,2409:40d0:3c:1240:8ce1:e08e:e26c:e093,TCP,86
689,86.160391,2409:40d0:3c:1240:8ce1:e08e:e26c:e093,2606:2800:247:b713:6f8:1d37:ecd5:e137,TCP,75
690,86.195178,2606:2800:247:b713:6f8:1d37:ecd5:e137,2409:40d0:3c:1240:8ce1:e08e:e26c:e093,TCP,86
691,86.980299,2409:40d0:3c:1240:8ce1:e08e:e26c:e093,2405:200:1604::312c:5f8f,TCP,75
692,87.035743,2405:200:1604::312c:5f8f,2409:40d0:3c:1240:8ce1:e08e:e26c:e093,TCP,86
693,87.688562,2409:40d0:3c:1240:8ce1:e08e:e26c:e093,2607:f740:e619::1,TCP,75
694,87.720207,2409:40d0:3c:1240:8ce1:e08e:e26c:e093,2607:f740:e619::1,TCP,75
695,87.885219,2607:f740:e619::1,2409:40d0:3c:1240:8ce1:e08e:e26c:e093,TCP,74
696,87.898566,2607:f740:e619::1,2409:40d0:3c:1240:8ce1:e08e:e26c:e093,TCP,74
697,88.226995,2409:40d0:3c:1240:8ce1:e08e:e26c:e093,2607:f740:e619::1,TCP,75
698,88.43667,2607:f740:e619::1,2409:40d0:3c:1240:8ce1:e08e:e26c:e093,TCP,74
699,90.813459,2409:40d0:3c:1240:8ce1:e08e:e26c:e093,2404:6800:4002:815::200a,UDP,91
700,90.8582,2404:6800:4002:815::200a,2409:40d0:3c:1240:8ce1:e08e:e26c:e093,UDP,87
701,93.173373,fe80::c60:a2ff:fec9:ef75,2409:40d0:3c:1240:8ce1:e08e:e26c:e093,ICMPv6,86
