Unnamed: 0,Time,Source,Destination,Protocol,Length,anomaly
1,0.0,fe80::c60:a2ff:fec9:ef75,ff02::1,ICMPv6,142,1
2,1.967105,2409:40d0:3c:1240:8ce1:e08e:e26c:e093,2404:6800:4002:81c::2005,TCP,75,1
3,1.99401,2404:6800:4002:81c::2005,2409:40d0:3c:1240:8ce1:e08e:e26c:e093,TCP,86,1
4,3.262656,2409:40d0:3c:1240:8ce1:e08e:e26c:e093,64:ff9b::23e3:cb27,TCP,75,1
5,3.369002,64:ff9b::23e3:cb27,2409:40d0:3c:1240:8ce1:e08e:e26c:e093,TCP,86,1
6,6.165803,2620:1ec:21::14,2409:40d0:3c:1240:8ce1:e08e:e26c:e093,TLSv1.2,120,1
7,6.172463,2409:40d0:3c:1240:8ce1:e08e:e26c:e093,2620:1ec:21::14,TLSv1.2,116,1
8,6.172674,2409:40d0:3c:1240:8ce1:e08e:e26c:e093,2620:1ec:21::14,TLSv1.2,116,1
9,6.249274,2620:1ec:21::14,2409:40d0:3c:1240:8ce1:e08e:e26c:e093,TCP,74,1
10,8.817801,192.168.150.136,192.168.150.153,DNS,76,1
11,8.817936,192.168.150.136,192.168.150.153,DNS,76,1
12,8.81803,192.168.150.136,192.168.150.153,DNS,76,1
13,8.818262,2409:40d0:3c:1240:8ce1:e08e:e26c:e093,2620:1ec:21::14,TCP,1374,1
14,8.818262,2409:40d0:3c:1240:8ce1:e08e:e26c:e093,2620:1ec:21::14,TCP,1374,1
15,8.818262,2409:40d0:3c:1240:8ce1:e08e:e26c:e093,2620:1ec:21::14,TLSv1.2,880,-1
16,8.818326,2409:40d0:3c:1240:8ce1:e08e:e26c:e093,2620:1ec:21::14,TLSv1.2,262,1
17,8.8684,2620:1ec:21::14,2409:40d0:3c:1240:8ce1:e08e:e26c:e093,TCP,74,1
18,8.880431,2620:1ec:21::14,2409:40d0:3c:1240:8ce1:e08e:e26c:e093,TCP,74,1
19,8.882381,2620:1ec:21::14,2409:40d0:3c:1240:8ce1:e08e:e26c:e093,TCP,74,1
20,8.883687,192.168.150.153,192.168.150.136,DNS,187,1
21,8.883687,2620:1ec:21::14,2409:40d0:3c:1240:8ce1:e08e:e26c:e093,TCP,74,1
22,8.883687,192.168.150.153,192.168.150.136,DNS,175,1
23,8.884769,192.168.150.153,192.168.150.136,DNS,202,1
24,9.139798,2620:1ec:21::14,2409:40d0:3c:1240:8ce1:e08e:e26c:e093,TLSv1.2,406,1
25,9.139798,2620:1ec:21::14,2409:40d0:3c:1240:8ce1:e08e:e26c:e093,TLSv1.2,112,1
26,9.139908,2409:40d0:3c:1240:8ce1:e08e:e26c:e093,2620:1ec:21::14,TCP,74,1
27,9.232129,2409:40d0:3c:1240:8ce1:e08e:e26c:e093,2404:6800:4002:815::200a,UDP,91,1
28,9.261373,2404:6800:4002:815::200a,2409:40d0:3c:1240:8ce1:e08e:e26c:e093,UDP,87,1
29,9.531738,64:ff9b::8c52:721a,2409:40d0:3c:1240:8ce1:e08e:e26c:e093,TLSv1.2,100,1
30,9.532109,2409:40d0:3c:1240:8ce1:e08e:e26c:e093,64:ff9b::8c52:721a,TLSv1.2,104,1
31,9.938908,64:ff9b::8c52:721a,2409:40d0:3c:1240:8ce1:e08e:e26c:e093,TCP,76,1
32,12.802732,192.168.150.136,192.168.150.153,DNS,80,1
33,12.802866,192.168.150.136,192.168.150.153,DNS,80,1
34,12.802959,192.168.150.136,192.168.150.153,DNS,80,1
35,12.892499,192.168.150.153,192.168.150.136,DNS,136,1
36,12.902172,192.168.150.153,192.168.150.136,DNS,124,1
37,12.902492,192.168.150.153,192.168.150.136,DNS,158,1
38,12.904939,2409:40d0:3c:1240:8ce1:e08e:e26c:e093,2404:6800:4002:81a::200e,QUIC,1292,1
39,12.9051,2409:40d0:3c:1240:8ce1:e08e:e26c:e093,2404:6800:4002:81a::200e,QUIC,1292,1
40,12.905215,2409:40d0:3c:1240:8ce1:e08e:e26c:e093,2404:6800:4002:81a::200e,QUIC,1292,1
41,12.905705,2409:40d0:3c:1240:8ce1:e08e:e26c:e093,2404:6800:4002:81a::200e,QUIC,144,1
42,12.988217,2404:6800:4002:81a::200e,2409:40d0:3c:1240:8ce1:e08e:e26c:e093,QUIC,1292,1
43,12.988217,2404:6800:4002:81a::200e,2409:40d0:3c:1240:8ce1:e08e:e26c:e093,QUIC,1292,1
44,13.010763,2409:40d0:3c:1240:8ce1:e08e:e26c:e093,2404:6800:4002:81a::200e,QUIC,1292,1
45,13.054258,2404:6800:4002:81a::200e,2409:40d0:3c:1240:8ce1:e08e:e26c:e093,QUIC,1292,1
46,13.054258,2404:6800:4002:81a::200e,2409:40d0:3c:1240:8ce1:e08e:e26c:e093,QUIC,368,1
47,13.054258,2404:6800:4002:81a::200e,2409:40d0:3c:1240:8ce1:e08e:e26c:e093,QUIC,986,-1
48,13.054258,2404:6800:4002:81a::200e,2409:40d0:3c:1240:8ce1:e08e:e26c:e093,QUIC,115,1
49,13.054258,2404:6800:4002:81a::200e,2409:40d0:3c:1240:8ce1:e08e:e26c:e093,QUIC,86,1
50,13.054258,2404:6800:4002:81a::200e,2409:40d0:3c:1240:8ce1:e08e:e26c:e093,QUIC,1292,1
51,13.05534,2409:40d0:3c:1240:8ce1:e08e:e26c:e093,2404:6800:4002:81a::200e,QUIC,140,1
52,13.055523,2409:40d0:3c:1240:8ce1:e08e:e26c:e093,2404:6800:4002:81a::200e,QUIC,93,1
53,13.05606,2409:40d0:3c:1240:8ce1:e08e:e26c:e093,2404:6800:4002:81a::200e,QUIC,1288,-1
54,13.056131,2409:40d0:3c:1240:8ce1:e08e:e26c:e093,2404:6800:4002:81a::200e,QUIC,1053,-1
55,13.082844,2404:6800:4002:81a::200e,2409:40d0:3c:1240:8ce1:e08e:e26c:e093,QUIC,182,1
56,13.083347,2409:40d0:3c:1240:8ce1:e08e:e26c:e093,2404:6800:4002:81a::200e,QUIC,96,1
57,13.083477,2404:6800:4002:81a::200e,2409:40d0:3c:1240:8ce1:e08e:e26c:e093,QUIC,87,1
58,13.099758,2404:6800:4002:81a::200e,2409:40d0:3c:1240:8ce1:e08e:e26c:e093,QUIC,91,1
59,13.100308,2409:40d0:3c:1240:8ce1:e08e:e26c:e093,2404:6800:4002:81a::200e,QUIC,95,1
60,13.256579,2404:6800:4002:81a::200e,2409:40d0:3c:1240:8ce1:e08e:e26c:e093,QUIC,1288,-1
61,13.256579,2404:6800:4002:81a::200e,2409:40d0:3c:1240:8ce1:e08e:e26c:e093,QUIC,415,1
62,13.256854,2404:6800:4002:81a::200e,2409:40d0:3c:1240:8ce1:e08e:e26c:e093,QUIC,96,1
63,13.256966,2409:40d0:3c:1240:8ce1:e08e:e26c:e093,2404:6800:4002:81a::200e,QUIC,95,1
64,13.257185,2404:6800:4002:81a::200e,2409:40d0:3c:1240:8ce1:e08e:e26c:e093,QUIC,126,1
65,13.257247,2409:40d0:3c:1240:8ce1:e08e:e26c:e093,2404:6800:4002:81a::200e,QUIC,99,1
66,13.283417,2409:40d0:3c:1240:8ce1:e08e:e26c:e093,2404:6800:4002:81a::200e,QUIC,96,1
67,13.305974,2404:6800:4002:81a::200e,2409:40d0:3c:1240:8ce1:e08e:e26c:e093,QUIC,86,1
68,13.450222,Intel_98:9e:73,0e:60:a2:c9:ef:75,ARP,42,-1
69,13.451176,0e:60:a2:c9:ef:75,Intel_98:9e:73,ARP,42,-1
70,13.804325,192.168.150.136,192.168.150.153,DNS,87,1
71,13.804723,192.168.150.136,192.168.150.153,DNS,87,1
72,13.805067,192.168.150.136,192.168.150.153,DNS,87,1
73,13.85172,192.168.150.153,192.168.150.136,DNS,115,1
74,13.867109,192.168.150.153,192.168.150.136,DNS,103,1
75,13.867109,192.168.150.153,192.168.150.136,DNS,112,1
76,13.870062,2409:40d0:3c:1240:8ce1:e08e:e26c:e093,2404:6800:4002:821::2002,QUIC,1292,1
77,13.870237,2409:40d0:3c:1240:8ce1:e08e:e26c:e093,2404:6800:4002:821::2002,QUIC,1292,1
78,13.870355,2409:40d0:3c:1240:8ce1:e08e:e26c:e093,2404:6800:4002:821::2002,QUIC,1292,1
79,13.874181,2409:40d0:3c:1240:8ce1:e08e:e26c:e093,2404:6800:4002:821::2002,QUIC,137,1
80,13.874723,2409:40d0:3c:1240:8ce1:e08e:e26c:e093,2404:6800:4002:821::2002,QUIC,634,-1
81,13.946213,2404:6800:4002:821::2002,2409:40d0:3c:1240:8ce1:e08e:e26c:e093,QUIC,1292,1
82,13.946213,2404:6800:4002:821::2002,2409:40d0:3c:1240:8ce1:e08e:e26c:e093,QUIC,1292,1
83,13.974049,2409:40d0:3c:1240:8ce1:e08e:e26c:e093,2404:6800:4002:821::2002,QUIC,1292,1
84,14.008712,2404:6800:4002:821::2002,2409:40d0:3c:1240:8ce1:e08e:e26c:e093,QUIC,1292,1
85,14.020837,2404:6800:4002:821::2002,2409:40d0:3c:1240:8ce1:e08e:e26c:e093,QUIC,131,1
86,14.020939,2404:6800:4002:821::2002,2409:40d0:3c:1240:8ce1:e08e:e26c:e093,QUIC,1292,1
87,14.020939,2404:6800:4002:821::2002,2409:40d0:3c:1240:8ce1:e08e:e26c:e093,QUIC,370,1
88,14.020939,2404:6800:4002:821::2002,2409:40d0:3c:1240:8ce1:e08e:e26c:e093,QUIC,984,-1
89,14.020999,2404:6800:4002:821::2002,2409:40d0:3c:1240:8ce1:e08e:e26c:e093,QUIC,86,1
90,14.022511,2409:40d0:3c:1240:8ce1:e08e:e26c:e093,2404:6800:4002:821::2002,QUIC,1292,1
91,14.022819,2409:40d0:3c:1240:8ce1:e08e:e26c:e093,2404:6800:4002:821::2002,QUIC,94,1
92,14.048334,2404:6800:4002:821::2002,2409:40d0:3c:1240:8ce1:e08e:e26c:e093,QUIC,182,1
93,14.048334,2404:6800:4002:821::2002,2409:40d0:3c:1240:8ce1:e08e:e26c:e093,QUIC,84,1
94,14.048937,2409:40d0:3c:1240:8ce1:e08e:e26c:e093,2404:6800:4002:821::2002,QUIC,93,1
95,14.106089,2404:6800:4002:821::2002,2409:40d0:3c:1240:8ce1:e08e:e26c:e093,QUIC,631,-1
96,14.106089,2404:6800:4002:821::2002,2409:40d0:3c:1240:8ce1:e08e:e26c:e093,QUIC,250,1
97,14.1068,2409:40d0:3c:1240:8ce1:e08e:e26c:e093,2404:6800:4002:821::2002,QUIC,97,1
98,14.126066,2404:6800:4002:821::2002,2409:40d0:3c:1240:8ce1:e08e:e26c:e093,QUIC,89,1
99,14.711202,2404:6800:4002:815::200a,2409:40d0:3c:1240:8ce1:e08e:e26c:e093,UDP,141,1
100,14.729887,2409:40d0:3c:1240:8ce1:e08e:e26c:e093,2404:6800:4002:815::200a,UDP,95,1
101,15.377227,157.240.239.61,192.168.150.136,SSL,124,1
102,15.381723,192.168.150.136,157.240.239.61,SSL,118,1
103,15.393052,157.240.239.61,192.168.150.136,TCP,54,1
104,17.813048,192.168.150.136,192.168.150.153,DNS,79,1
105,17.81345,192.168.150.136,192.168.150.153,DNS,79,1
106,17.813784,192.168.150.136,192.168.150.153,DNS,79,1
107,17.831084,192.168.150.153,192.168.150.136,DNS,107,1
108,17.837073,192.168.150.153,192.168.150.136,DNS,129,1
109,17.837073,192.168.150.153,192.168.150.136,DNS,95,1
110,17.840191,2409:40d0:3c:1240:8ce1:e08e:e26c:e093,2404:6800:4003:c02::54,QUIC,1292,1
111,17.84036,2409:40d0:3c:1240:8ce1:e08e:e26c:e093,2404:6800:4003:c02::54,QUIC,1292,1
112,17.840479,2409:40d0:3c:1240:8ce1:e08e:e26c:e093,2404:6800:4003:c02::54,QUIC,1292,1
113,17.844708,2409:40d0:3c:1240:8ce1:e08e:e26c:e093,2404:6800:4003:c02::54,QUIC,143,1
114,17.949463,2404:6800:4003:c02::54,2409:40d0:3c:1240:8ce1:e08e:e26c:e093,QUIC,1292,1
115,17.949463,2404:6800:4003:c02::54,2409:40d0:3c:1240:8ce1:e08e:e26c:e093,QUIC,1292,1
116,17.949463,2404:6800:4003:c02::54,2409:40d0:3c:1240:8ce1:e08e:e26c:e093,QUIC,1292,1
117,17.949463,2404:6800:4003:c02::54,2409:40d0:3c:1240:8ce1:e08e:e26c:e093,QUIC,370,1
118,17.949463,2404:6800:4003:c02::54,2409:40d0:3c:1240:8ce1:e08e:e26c:e093,QUIC,984,-1
119,17.949463,2404:6800:4003:c02::54,2409:40d0:3c:1240:8ce1:e08e:e26c:e093,QUIC,115,1
120,17.951337,2409:40d0:3c:1240:8ce1:e08e:e26c:e093,2404:6800:4003:c02::54,QUIC,1292,1
121,17.951625,2409:40d0:3c:1240:8ce1:e08e:e26c:e093,2404:6800:4003:c02::54,QUIC,93,1
122,17.952382,2409:40d0:3c:1240:8ce1:e08e:e26c:e093,2404:6800:4003:c02::54,QUIC,1288,-1
123,17.952504,2409:40d0:3c:1240:8ce1:e08e:e26c:e093,2404:6800:4003:c02::54,QUIC,1292,1
124,17.952594,2409:40d0:3c:1240:8ce1:e08e:e26c:e093,2404:6800:4003:c02::54,QUIC,1292,1
125,17.952802,2409:40d0:3c:1240:8ce1:e08e:e26c:e093,2404:6800:4003:c02::54,QUIC,430,1
126,17.952899,2409:40d0:3c:1240:8ce1:e08e:e26c:e093,2404:6800:4003:c02::54,QUIC,176,1
127,17.975867,2404:6800:4003:c02::54,2409:40d0:3c:1240:8ce1:e08e:e26c:e093,QUIC,86,1
128,18.044181,2404:6800:4003:c02::54,2409:40d0:3c:1240:8ce1:e08e:e26c:e093,QUIC,182,1
129,18.049199,2404:6800:4003:c02::54,2409:40d0:3c:1240:8ce1:e08e:e26c:e093,QUIC,87,1
130,18.053933,2404:6800:4003:c02::54,2409:40d0:3c:1240:8ce1:e08e:e26c:e093,QUIC,87,1
131,18.068926,2404:6800:4003:c02::54,2409:40d0:3c:1240:8ce1:e08e:e26c:e093,QUIC,87,1
132,18.070971,2404:6800:4003:c02::54,2409:40d0:3c:1240:8ce1:e08e:e26c:e093,QUIC,91,1
133,18.071529,2409:40d0:3c:1240:8ce1:e08e:e26c:e093,2404:6800:4003:c02::54,QUIC,93,1
134,18.092772,2404:6800:4003:c02::54,2409:40d0:3c:1240:8ce1:e08e:e26c:e093,QUIC,1288,-1
135,18.092772,2404:6800:4003:c02::54,2409:40d0:3c:1240:8ce1:e08e:e26c:e093,QUIC,444,-1
136,18.092772,2404:6800:4003:c02::54,2409:40d0:3c:1240:8ce1:e08e:e26c:e093,QUIC,96,1
137,18.093595,2409:40d0:3c:1240:8ce1:e08e:e26c:e093,2404:6800:4003:c02::54,QUIC,97,1
138,18.093786,2404:6800:4003:c02::54,2409:40d0:3c:1240:8ce1:e08e:e26c:e093,QUIC,228,1
139,18.094226,2409:40d0:3c:1240:8ce1:e08e:e26c:e093,2404:6800:4003:c02::54,QUIC,93,1
140,18.11871,0e:60:a2:c9:ef:75,Intel_98:9e:73,ARP,42,-1
141,18.118725,Intel_98:9e:73,0e:60:a2:c9:ef:75,ARP,42,-1
142,18.209243,2404:6800:4003:c02::54,2409:40d0:3c:1240:8ce1:e08e:e26c:e093,QUIC,86,1
143,21.159731,2620:1ec:21::14,2409:40d0:3c:1240:8ce1:e08e:e26c:e093,TLSv1.2,120,1
144,21.169724,2409:40d0:3c:1240:8ce1:e08e:e26c:e093,2620:1ec:21::14,TLSv1.2,116,1
145,21.169935,2409:40d0:3c:1240:8ce1:e08e:e26c:e093,2620:1ec:21::14,TLSv1.2,116,1
146,21.192432,2620:1ec:21::14,2409:40d0:3c:1240:8ce1:e08e:e26c:e093,TCP,74,1
147,21.196814,2620:1ec:21::14,2409:40d0:3c:1240:8ce1:e08e:e26c:e093,TCP,74,1
148,22.819671,2409:40d0:3c:1240:8ce1:e08e:e26c:e093,2620:1ec:21::14,TCP,1374,1
149,22.819671,2409:40d0:3c:1240:8ce1:e08e:e26c:e093,2620:1ec:21::14,TCP,1374,1
150,22.819671,2409:40d0:3c:1240:8ce1:e08e:e26c:e093,2620:1ec:21::14,TLSv1.2,805,-1
151,22.819788,2409:40d0:3c:1240:8ce1:e08e:e26c:e093,2620:1ec:21::14,TLSv1.2,1025,-1
152,22.87881,2620:1ec:21::14,2409:40d0:3c:1240:8ce1:e08e:e26c:e093,TCP,74,1
153,22.893425,2620:1ec:21::14,2409:40d0:3c:1240:8ce1:e08e:e26c:e093,TCP,74,1
154,22.893425,2620:1ec:21::14,2409:40d0:3c:1240:8ce1:e08e:e26c:e093,TCP,74,1
155,23.13906,2620:1ec:21::14,2409:40d0:3c:1240:8ce1:e08e:e26c:e093,TLSv1.2,369,1
156,23.179827,2409:40d0:3c:1240:8ce1:e08e:e26c:e093,2620:1ec:21::14,TCP,74,1
157,29.716168,2409:40d0:3c:1240:8ce1:e08e:e26c:e093,2404:6800:4002:815::200a,UDP,91,1
158,29.759681,2404:6800:4002:815::200a,2409:40d0:3c:1240:8ce1:e08e:e26c:e093,UDP,87,1
159,35.200071,2404:6800:4002:815::200a,2409:40d0:3c:1240:8ce1:e08e:e26c:e093,UDP,141,1
160,35.200071,2404:6800:4002:815::200a,2409:40d0:3c:1240:8ce1:e08e:e26c:e093,UDP,85,1
161,35.211016,2409:40d0:3c:1240:8ce1:e08e:e26c:e093,2404:6800:4002:815::200a,UDP,95,1
162,35.217841,192.168.150.136,192.168.150.153,DNS,91,1
163,35.217979,192.168.150.136,192.168.150.153,DNS,91,1
164,35.218077,192.168.150.136,192.168.150.153,DNS,91,1
165,35.222514,192.168.150.153,192.168.150.136,DNS,119,1
166,35.222514,192.168.150.153,192.168.150.136,DNS,107,1
167,35.235019,2409:40d0:3c:1240:8ce1:e08e:e26c:e093,2404:6800:4002:81c::200a,QUIC,1292,1
168,35.23508,2409:40d0:3c:1240:8ce1:e08e:e26c:e093,2404:6800:4002:81c::200a,QUIC,1292,1
169,35.23644,2409:40d0:3c:1240:8ce1:e08e:e26c:e093,2404:6800:4002:81c::200a,QUIC,139,1
170,35.236639,2409:40d0:3c:1240:8ce1:e08e:e26c:e093,2404:6800:4002:81c::200a,QUIC,592,-1
171,35.26043,192.168.150.153,192.168.150.136,DNS,141,1
172,35.308918,2404:6800:4002:81c::200a,2409:40d0:3c:1240:8ce1:e08e:e26c:e093,QUIC,1292,1
173,35.378153,2404:6800:4002:81c::200a,2409:40d0:3c:1240:8ce1:e08e:e26c:e093,QUIC,1292,1
174,35.378153,2404:6800:4002:81c::200a,2409:40d0:3c:1240:8ce1:e08e:e26c:e093,QUIC,368,1
175,35.378153,2404:6800:4002:81c::200a,2409:40d0:3c:1240:8ce1:e08e:e26c:e093,QUIC,986,-1
176,35.378153,2404:6800:4002:81c::200a,2409:40d0:3c:1240:8ce1:e08e:e26c:e093,QUIC,137,1
177,35.378153,2404:6800:4002:81c::200a,2409:40d0:3c:1240:8ce1:e08e:e26c:e093,QUIC,86,1
178,35.379796,2409:40d0:3c:1240:8ce1:e08e:e26c:e093,2404:6800:4002:81c::200a,QUIC,1292,1
179,35.38009,2409:40d0:3c:1240:8ce1:e08e:e26c:e093,2404:6800:4002:81c::200a,QUIC,93,1
180,35.407125,2409:40d0:3c:1240:8ce1:e08e:e26c:e093,2404:6800:4002:81c::200a,QUIC,94,1
181,35.447451,2404:6800:4002:81c::200a,2409:40d0:3c:1240:8ce1:e08e:e26c:e093,QUIC,182,1
182,35.459772,2404:6800:4002:81c::200a,2409:40d0:3c:1240:8ce1:e08e:e26c:e093,QUIC,84,1
183,35.460074,2409:40d0:3c:1240:8ce1:e08e:e26c:e093,2404:6800:4002:81c::200a,QUIC,93,1
184,35.601601,2404:6800:4002:81c::200a,2409:40d0:3c:1240:8ce1:e08e:e26c:e093,QUIC,261,1
185,35.601601,2404:6800:4002:81c::200a,2409:40d0:3c:1240:8ce1:e08e:e26c:e093,QUIC,83,1
186,35.602282,2409:40d0:3c:1240:8ce1:e08e:e26c:e093,2404:6800:4002:81c::200a,QUIC,97,1
187,35.607335,2409:40d0:3c:1240:8ce1:e08e:e26c:e093,2404:6800:4002:815::200a,UDP,751,-1
188,35.620848,2404:6800:4002:81c::200a,2409:40d0:3c:1240:8ce1:e08e:e26c:e093,QUIC,87,1
189,35.647031,2404:6800:4002:815::200a,2409:40d0:3c:1240:8ce1:e08e:e26c:e093,UDP,92,1
190,35.66034,2409:40d0:3c:1240:8ce1:e08e:e26c:e093,2404:6800:4002:815::200a,UDP,95,1
191,35.866974,2404:6800:4002:815::200a,2409:40d0:3c:1240:8ce1:e08e:e26c:e093,UDP,156,1
192,35.883594,2409:40d0:3c:1240:8ce1:e08e:e26c:e093,2404:6800:4002:815::200a,UDP,100,1
193,35.919244,2404:6800:4002:815::200a,2409:40d0:3c:1240:8ce1:e08e:e26c:e093,UDP,87,1
194,36.179964,2620:1ec:21::14,2409:40d0:3c:1240:8ce1:e08e:e26c:e093,TLSv1.2,120,1
195,36.185014,2409:40d0:3c:1240:8ce1:e08e:e26c:e093,2620:1ec:21::14,TLSv1.2,116,1
196,36.185135,2409:40d0:3c:1240:8ce1:e08e:e26c:e093,2620:1ec:21::14,TLSv1.2,116,1
197,36.219722,2620:1ec:21::14,2409:40d0:3c:1240:8ce1:e08e:e26c:e093,TCP,74,1
198,36.219722,2620:1ec:21::14,2409:40d0:3c:1240:8ce1:e08e:e26c:e093,TCP,74,1
199,38.094079,2409:40d0:3c:1240:8ce1:e08e:e26c:e093,2404:6800:4003:c0f::bc,TCP,75,1
200,38.208977,2404:6800:4003:c0f::bc,2409:40d0:3c:1240:8ce1:e08e:e26c:e093,TCP,86,1
201,38.808321,192.168.150.136,192.168.150.153,DNS,116,1
202,38.808798,192.168.150.136,192.168.150.153,DNS,116,1
203,38.809158,192.168.150.136,192.168.150.153,DNS,116,1
204,39.199293,2409:40d0:3c:1240:8ce1:e08e:e26c:e093,64:ff9b::3457:7a77,TCP,75,1
205,39.318376,192.168.150.153,192.168.150.136,DNS,144,1
206,39.328863,192.168.150.153,192.168.150.136,DNS,175,1
207,39.455447,64:ff9b::3457:7a77,2409:40d0:3c:1240:8ce1:e08e:e26c:e093,TCP,86,1
208,39.500276,192.168.150.136,192.168.150.153,DNS,116,1
209,40.359173,192.168.150.153,192.168.150.136,DNS,132,1
210,40.360255,2409:40d0:3c:1240:8ce1:e08e:e26c:e093,64:ff9b::23e3:cb27,TCP,74,1
211,40.361142,2409:40d0:3c:1240:8ce1:e08e:e26c:e093,64:ff9b::b928:e8a9,TCP,86,1
212,40.362971,192.168.150.153,192.168.150.136,DNS,132,1
213,40.380186,64:ff9b::23e3:cb27,2409:40d0:3c:1240:8ce1:e08e:e26c:e093,TCP,74,1
214,40.380282,2409:40d0:3c:1240:8ce1:e08e:e26c:e093,64:ff9b::23e3:cb27,TCP,74,1
215,40.536278,64:ff9b::b928:e8a9,2409:40d0:3c:1240:8ce1:e08e:e26c:e093,TCP,86,1
216,40.536577,2409:40d0:3c:1240:8ce1:e08e:e26c:e093,64:ff9b::b928:e8a9,TCP,74,1
217,40.53782,2409:40d0:3c:1240:8ce1:e08e:e26c:e093,64:ff9b::b928:e8a9,TCP,1374,1
218,40.53782,2409:40d0:3c:1240:8ce1:e08e:e26c:e093,64:ff9b::b928:e8a9,TLSv1.3,604,-1
219,40.736539,64:ff9b::b928:e8a9,2409:40d0:3c:1240:8ce1:e08e:e26c:e093,TCP,76,1
220,40.736539,64:ff9b::b928:e8a9,2409:40d0:3c:1240:8ce1:e08e:e26c:e093,TCP,76,1
221,40.736684,64:ff9b::b928:e8a9,2409:40d0:3c:1240:8ce1:e08e:e26c:e093,TLSv1.3,1354,-1
222,40.736684,64:ff9b::b928:e8a9,2409:40d0:3c:1240:8ce1:e08e:e26c:e093,TCP,1354,-1
223,40.736723,2409:40d0:3c:1240:8ce1:e08e:e26c:e093,64:ff9b::b928:e8a9,TCP,74,1
224,40.737475,64:ff9b::b928:e8a9,2409:40d0:3c:1240:8ce1:e08e:e26c:e093,TLSv1.3,1354,-1
225,40.737475,64:ff9b::b928:e8a9,2409:40d0:3c:1240:8ce1:e08e:e26c:e093,TLSv1.3,330,1
226,40.737475,64:ff9b::b928:e8a9,2409:40d0:3c:1240:8ce1:e08e:e26c:e093,TLSv1.3,80,1
227,40.737519,2409:40d0:3c:1240:8ce1:e08e:e26c:e093,64:ff9b::b928:e8a9,TCP,74,1
228,40.739175,2409:40d0:3c:1240:8ce1:e08e:e26c:e093,64:ff9b::b928:e8a9,TLSv1.3,154,1
229,40.739334,2409:40d0:3c:1240:8ce1:e08e:e26c:e093,64:ff9b::b928:e8a9,TLSv1.3,714,-1
230,40.9086,64:ff9b::b928:e8a9,2409:40d0:3c:1240:8ce1:e08e:e26c:e093,TLSv1.3,409,1
231,40.9086,64:ff9b::b928:e8a9,2409:40d0:3c:1240:8ce1:e08e:e26c:e093,TLSv1.3,409,1
232,40.9086,64:ff9b::b928:e8a9,2409:40d0:3c:1240:8ce1:e08e:e26c:e093,TLSv1.3,1139,-1
233,40.908676,2409:40d0:3c:1240:8ce1:e08e:e26c:e093,64:ff9b::b928:e8a9,TCP,74,1
234,40.911902,192.168.150.136,192.168.150.153,DNS,80,1
235,40.912098,192.168.150.136,192.168.150.153,DNS,80,1
236,40.912259,192.168.150.136,192.168.150.153,DNS,80,1
237,40.933462,192.168.150.153,192.168.150.136,DNS,147,1
238,40.933462,192.168.150.153,192.168.150.136,DNS,135,1
239,40.93797,192.168.150.153,192.168.150.136,DNS,172,1
240,40.939914,2409:40d0:3c:1240:8ce1:e08e:e26c:e093,2606:2800:247:b713:6f8:1d37:ecd5:e137,TCP,86,1
241,40.955376,2606:2800:247:b713:6f8:1d37:ecd5:e137,2409:40d0:3c:1240:8ce1:e08e:e26c:e093,TCP,86,1
242,40.955536,2409:40d0:3c:1240:8ce1:e08e:e26c:e093,2606:2800:247:b713:6f8:1d37:ecd5:e137,TCP,74,1
243,40.956841,2409:40d0:3c:1240:8ce1:e08e:e26c:e093,2606:2800:247:b713:6f8:1d37:ecd5:e137,TCP,1294,1
244,40.956841,2409:40d0:3c:1240:8ce1:e08e:e26c:e093,2606:2800:247:b713:6f8:1d37:ecd5:e137,TLSv1.3,648,-1
245,40.981507,2606:2800:247:b713:6f8:1d37:ecd5:e137,2409:40d0:3c:1240:8ce1:e08e:e26c:e093,TCP,74,1
246,40.981507,2606:2800:247:b713:6f8:1d37:ecd5:e137,2409:40d0:3c:1240:8ce1:e08e:e26c:e093,TCP,74,1
247,40.982919,2606:2800:247:b713:6f8:1d37:ecd5:e137,2409:40d0:3c:1240:8ce1:e08e:e26c:e093,TLSv1.3,173,1
248,40.983627,2409:40d0:3c:1240:8ce1:e08e:e26c:e093,2606:2800:247:b713:6f8:1d37:ecd5:e137,TLSv1.3,682,-1
249,41.009397,2606:2800:247:b713:6f8:1d37:ecd5:e137,2409:40d0:3c:1240:8ce1:e08e:e26c:e093,TLSv1.3,1294,1
250,41.009397,2606:2800:247:b713:6f8:1d37:ecd5:e137,2409:40d0:3c:1240:8ce1:e08e:e26c:e093,TCP,1294,1
251,41.009397,2606:2800:247:b713:6f8:1d37:ecd5:e137,2409:40d0:3c:1240:8ce1:e08e:e26c:e093,TCP,1294,1
252,41.009397,2606:2800:247:b713:6f8:1d37:ecd5:e137,2409:40d0:3c:1240:8ce1:e08e:e26c:e093,TCP,510,-1
253,41.009397,2606:2800:247:b713:6f8:1d37:ecd5:e137,2409:40d0:3c:1240:8ce1:e08e:e26c:e093,TLSv1.3,992,-1
254,41.009554,2409:40d0:3c:1240:8ce1:e08e:e26c:e093,2606:2800:247:b713:6f8:1d37:ecd5:e137,TCP,74,1
255,41.014718,2409:40d0:3c:1240:8ce1:e08e:e26c:e093,2606:2800:247:b713:6f8:1d37:ecd5:e137,TLSv1.3,148,1
256,41.015148,2409:40d0:3c:1240:8ce1:e08e:e26c:e093,2606:2800:247:b713:6f8:1d37:ecd5:e137,TLSv1.3,166,1
257,41.015464,2409:40d0:3c:1240:8ce1:e08e:e26c:e093,2606:2800:247:b713:6f8:1d37:ecd5:e137,TLSv1.3,651,-1
258,41.034542,2606:2800:247:b713:6f8:1d37:ecd5:e137,2409:40d0:3c:1240:8ce1:e08e:e26c:e093,TLSv1.3,329,1
259,41.034542,2606:2800:247:b713:6f8:1d37:ecd5:e137,2409:40d0:3c:1240:8ce1:e08e:e26c:e093,TLSv1.3,329,1
260,41.034542,2606:2800:247:b713:6f8:1d37:ecd5:e137,2409:40d0:3c:1240:8ce1:e08e:e26c:e093,TLSv1.3,182,1
261,41.034653,2409:40d0:3c:1240:8ce1:e08e:e26c:e093,2606:2800:247:b713:6f8:1d37:ecd5:e137,TCP,74,1
262,41.034933,2409:40d0:3c:1240:8ce1:e08e:e26c:e093,2606:2800:247:b713:6f8:1d37:ecd5:e137,TLSv1.3,105,1
263,41.043956,2606:2800:247:b713:6f8:1d37:ecd5:e137,2409:40d0:3c:1240:8ce1:e08e:e26c:e093,TLSv1.3,105,1
264,41.052498,2606:2800:247:b713:6f8:1d37:ecd5:e137,2409:40d0:3c:1240:8ce1:e08e:e26c:e093,TLSv1.3,522,-1
265,41.052537,2409:40d0:3c:1240:8ce1:e08e:e26c:e093,2606:2800:247:b713:6f8:1d37:ecd5:e137,TCP,74,1
266,41.055297,192.168.150.136,192.168.150.153,DNS,75,1
267,41.055497,192.168.150.136,192.168.150.153,DNS,75,1
268,41.055618,192.168.150.136,192.168.150.153,DNS,75,1
269,41.055849,2409:40d0:3c:1240:8ce1:e08e:e26c:e093,2606:2800:247:b713:6f8:1d37:ecd5:e137,TLSv1.3,305,1
270,41.076009,2606:2800:247:b713:6f8:1d37:ecd5:e137,2409:40d0:3c:1240:8ce1:e08e:e26c:e093,TCP,74,1
271,41.077359,2606:2800:247:b713:6f8:1d37:ecd5:e137,2409:40d0:3c:1240:8ce1:e08e:e26c:e093,TLSv1.3,232,1
272,41.079677,192.168.150.153,192.168.150.136,DNS,103,1
273,41.079677,192.168.150.153,192.168.150.136,DNS,91,1
274,41.079677,192.168.150.153,192.168.150.136,DNS,152,1
275,41.07994,2409:40d0:3c:1240:8ce1:e08e:e26c:e093,2606:2800:247:b713:6f8:1d37:ecd5:e137,TLSv1.3,311,1
276,41.080235,2409:40d0:3c:1240:8ce1:e08e:e26c:e093,2607:f740:e619::1,TCP,86,1
277,41.080351,2409:40d0:3c:1240:8ce1:e08e:e26c:e093,2607:f740:e619::1,TCP,86,1
278,41.103758,2606:2800:247:b713:6f8:1d37:ecd5:e137,2409:40d0:3c:1240:8ce1:e08e:e26c:e093,TLSv1.3,1294,1
279,41.103758,2606:2800:247:b713:6f8:1d37:ecd5:e137,2409:40d0:3c:1240:8ce1:e08e:e26c:e093,TCP,1294,1
280,41.103758,2606:2800:247:b713:6f8:1d37:ecd5:e137,2409:40d0:3c:1240:8ce1:e08e:e26c:e093,TCP,1294,1
281,41.103758,2606:2800:247:b713:6f8:1d37:ecd5:e137,2409:40d0:3c:1240:8ce1:e08e:e26c:e093,TCP,1294,1
282,41.103814,2409:40d0:3c:1240:8ce1:e08e:e26c:e093,2606:2800:247:b713:6f8:1d37:ecd5:e137,TCP,74,1
283,41.111485,2606:2800:247:b713:6f8:1d37:ecd5:e137,2409:40d0:3c:1240:8ce1:e08e:e26c:e093,TCP,1294,1
284,41.111485,2606:2800:247:b713:6f8:1d37:ecd5:e137,2409:40d0:3c:1240:8ce1:e08e:e26c:e093,TCP,1294,1
285,41.111485,2606:2800:247:b713:6f8:1d37:ecd5:e137,2409:40d0:3c:1240:8ce1:e08e:e26c:e093,TCP,1294,1
286,41.111485,2606:2800:247:b713:6f8:1d37:ecd5:e137,2409:40d0:3c:1240:8ce1:e08e:e26c:e093,TCP,1294,1
287,41.111541,2409:40d0:3c:1240:8ce1:e08e:e26c:e093,2606:2800:247:b713:6f8:1d37:ecd5:e137,TCP,74,1
288,41.111854,2606:2800:247:b713:6f8:1d37:ecd5:e137,2409:40d0:3c:1240:8ce1:e08e:e26c:e093,TCP,1294,1
289,41.121681,2606:2800:247:b713:6f8:1d37:ecd5:e137,2409:40d0:3c:1240:8ce1:e08e:e26c:e093,TCP,1294,1
290,41.121681,2606:2800:247:b713:6f8:1d37:ecd5:e137,2409:40d0:3c:1240:8ce1:e08e:e26c:e093,TCP,1294,1
291,41.121681,2606:2800:247:b713:6f8:1d37:ecd5:e137,2409:40d0:3c:1240:8ce1:e08e:e26c:e093,TCP,1294,1
292,41.121681,2606:2800:247:b713:6f8:1d37:ecd5:e137,2409:40d0:3c:1240:8ce1:e08e:e26c:e093,TCP,1294,1
293,41.121681,2606:2800:247:b713:6f8:1d37:ecd5:e137,2409:40d0:3c:1240:8ce1:e08e:e26c:e093,TLSv1.3,1294,1
294,41.121681,2606:2800:247:b713:6f8:1d37:ecd5:e137,2409:40d0:3c:1240:8ce1:e08e:e26c:e093,TCP,1294,1
295,41.121681,2606:2800:247:b713:6f8:1d37:ecd5:e137,2409:40d0:3c:1240:8ce1:e08e:e26c:e093,TCP,1294,1
296,41.121681,2606:2800:247:b713:6f8:1d37:ecd5:e137,2409:40d0:3c:1240:8ce1:e08e:e26c:e093,TCP,1294,1
297,41.121681,2606:2800:247:b713:6f8:1d37:ecd5:e137,2409:40d0:3c:1240:8ce1:e08e:e26c:e093,TCP,1294,1
298,41.121681,2606:2800:247:b713:6f8:1d37:ecd5:e137,2409:40d0:3c:1240:8ce1:e08e:e26c:e093,TCP,1294,1
299,41.121681,2606:2800:247:b713:6f8:1d37:ecd5:e137,2409:40d0:3c:1240:8ce1:e08e:e26c:e093,TCP,1294,1
300,41.121681,2606:2800:247:b713:6f8:1d37:ecd5:e137,2409:40d0:3c:1240:8ce1:e08e:e26c:e093,TCP,1294,1
301,41.121771,2409:40d0:3c:1240:8ce1:e08e:e26c:e093,2606:2800:247:b713:6f8:1d37:ecd5:e137,TCP,74,1
302,41.132159,2606:2800:247:b713:6f8:1d37:ecd5:e137,2409:40d0:3c:1240:8ce1:e08e:e26c:e093,TCP,1294,1
303,41.132159,2606:2800:247:b713:6f8:1d37:ecd5:e137,2409:40d0:3c:1240:8ce1:e08e:e26c:e093,TCP,1294,1
304,41.132159,2606:2800:247:b713:6f8:1d37:ecd5:e137,2409:40d0:3c:1240:8ce1:e08e:e26c:e093,TCP,1294,1
305,41.132159,2606:2800:247:b713:6f8:1d37:ecd5:e137,2409:40d0:3c:1240:8ce1:e08e:e26c:e093,TCP,1294,1
306,41.132159,2606:2800:247:b713:6f8:1d37:ecd5:e137,2409:40d0:3c:1240:8ce1:e08e:e26c:e093,TCP,1294,1
307,41.132159,2606:2800:247:b713:6f8:1d37:ecd5:e137,2409:40d0:3c:1240:8ce1:e08e:e26c:e093,TCP,1294,1
308,41.132159,2606:2800:247:b713:6f8:1d37:ecd5:e137,2409:40d0:3c:1240:8ce1:e08e:e26c:e093,TLSv1.3,1294,1
309,41.132159,2606:2800:247:b713:6f8:1d37:ecd5:e137,2409:40d0:3c:1240:8ce1:e08e:e26c:e093,TCP,1294,1
310,41.132159,2606:2800:247:b713:6f8:1d37:ecd5:e137,2409:40d0:3c:1240:8ce1:e08e:e26c:e093,TCP,1294,1
311,41.132159,2606:2800:247:b713:6f8:1d37:ecd5:e137,2409:40d0:3c:1240:8ce1:e08e:e26c:e093,TCP,1294,1
312,41.132159,2606:2800:247:b713:6f8:1d37:ecd5:e137,2409:40d0:3c:1240:8ce1:e08e:e26c:e093,TCP,1294,1
313,41.132159,2606:2800:247:b713:6f8:1d37:ecd5:e137,2409:40d0:3c:1240:8ce1:e08e:e26c:e093,TCP,1294,1
314,41.132159,2606:2800:247:b713:6f8:1d37:ecd5:e137,2409:40d0:3c:1240:8ce1:e08e:e26c:e093,TCP,1294,1
315,41.132159,2606:2800:247:b713:6f8:1d37:ecd5:e137,2409:40d0:3c:1240:8ce1:e08e:e26c:e093,TCP,1294,1
316,41.132159,2606:2800:247:b713:6f8:1d37:ecd5:e137,2409:40d0:3c:1240:8ce1:e08e:e26c:e093,TCP,1294,1
317,41.132278,2409:40d0:3c:1240:8ce1:e08e:e26c:e093,2606:2800:247:b713:6f8:1d37:ecd5:e137,TCP,74,1
318,41.134768,2606:2800:247:b713:6f8:1d37:ecd5:e137,2409:40d0:3c:1240:8ce1:e08e:e26c:e093,TCP,1294,1
319,41.134768,2606:2800:247:b713:6f8:1d37:ecd5:e137,2409:40d0:3c:1240:8ce1:e08e:e26c:e093,TCP,1294,1
320,41.134768,2606:2800:247:b713:6f8:1d37:ecd5:e137,2409:40d0:3c:1240:8ce1:e08e:e26c:e093,TCP,1294,1
321,41.134768,2606:2800:247:b713:6f8:1d37:ecd5:e137,2409:40d0:3c:1240:8ce1:e08e:e26c:e093,TCP,1294,1
322,41.134768,2606:2800:247:b713:6f8:1d37:ecd5:e137,2409:40d0:3c:1240:8ce1:e08e:e26c:e093,TLSv1.3,1294,1
323,41.134768,2606:2800:247:b713:6f8:1d37:ecd5:e137,2409:40d0:3c:1240:8ce1:e08e:e26c:e093,TCP,1294,1
324,41.134768,2606:2800:247:b713:6f8:1d37:ecd5:e137,2409:40d0:3c:1240:8ce1:e08e:e26c:e093,TCP,1294,1
325,41.134768,2606:2800:247:b713:6f8:1d37:ecd5:e137,2409:40d0:3c:1240:8ce1:e08e:e26c:e093,TCP,1294,1
326,41.134768,2606:2800:247:b713:6f8:1d37:ecd5:e137,2409:40d0:3c:1240:8ce1:e08e:e26c:e093,TCP,1294,1
327,41.134828,2409:40d0:3c:1240:8ce1:e08e:e26c:e093,2606:2800:247:b713:6f8:1d37:ecd5:e137,TCP,74,1
328,41.140915,2606:2800:247:b713:6f8:1d37:ecd5:e137,2409:40d0:3c:1240:8ce1:e08e:e26c:e093,TCP,1294,1
329,41.140915,2606:2800:247:b713:6f8:1d37:ecd5:e137,2409:40d0:3c:1240:8ce1:e08e:e26c:e093,TCP,1294,1
330,41.140915,2606:2800:247:b713:6f8:1d37:ecd5:e137,2409:40d0:3c:1240:8ce1:e08e:e26c:e093,TCP,1294,1
331,41.140915,2606:2800:247:b713:6f8:1d37:ecd5:e137,2409:40d0:3c:1240:8ce1:e08e:e26c:e093,TCP,1294,1
332,41.140915,2606:2800:247:b713:6f8:1d37:ecd5:e137,2409:40d0:3c:1240:8ce1:e08e:e26c:e093,TCP,1294,1
333,41.140915,2606:2800:247:b713:6f8:1d37:ecd5:e137,2409:40d0:3c:1240:8ce1:e08e:e26c:e093,TCP,1294,1
334,41.140915,2606:2800:247:b713:6f8:1d37:ecd5:e137,2409:40d0:3c:1240:8ce1:e08e:e26c:e093,TCP,1294,1
335,41.140915,2606:2800:247:b713:6f8:1d37:ecd5:e137,2409:40d0:3c:1240:8ce1:e08e:e26c:e093,TCP,1294,1
336,41.140915,2606:2800:247:b713:6f8:1d37:ecd5:e137,2409:40d0:3c:1240:8ce1:e08e:e26c:e093,TCP,1294,1
337,41.140915,2606:2800:247:b713:6f8:1d37:ecd5:e137,2409:40d0:3c:1240:8ce1:e08e:e26c:e093,TLSv1.3,1294,1
338,41.140915,2606:2800:247:b713:6f8:1d37:ecd5:e137,2409:40d0:3c:1240:8ce1:e08e:e26c:e093,TCP,1294,1
339,41.140915,2606:2800:247:b713:6f8:1d37:ecd5:e137,2409:40d0:3c:1240:8ce1:e08e:e26c:e093,TCP,1294,1
340,41.14097,2409:40d0:3c:1240:8ce1:e08e:e26c:e093,2606:2800:247:b713:6f8:1d37:ecd5:e137,TCP,74,1
341,41.145899,2606:2800:247:b713:6f8:1d37:ecd5:e137,2409:40d0:3c:1240:8ce1:e08e:e26c:e093,TCP,1294,1
342,41.145899,2606:2800:247:b713:6f8:1d37:ecd5:e137,2409:40d0:3c:1240:8ce1:e08e:e26c:e093,TCP,1294,1
343,41.145899,2606:2800:247:b713:6f8:1d37:ecd5:e137,2409:40d0:3c:1240:8ce1:e08e:e26c:e093,TCP,1294,1
344,41.145899,2606:2800:247:b713:6f8:1d37:ecd5:e137,2409:40d0:3c:1240:8ce1:e08e:e26c:e093,TCP,1294,1
345,41.145899,2606:2800:247:b713:6f8:1d37:ecd5:e137,2409:40d0:3c:1240:8ce1:e08e:e26c:e093,TCP,1294,1
346,41.145899,2606:2800:247:b713:6f8:1d37:ecd5:e137,2409:40d0:3c:1240:8ce1:e08e:e26c:e093,TCP,1294,1
347,41.145899,2606:2800:247:b713:6f8:1d37:ecd5:e137,2409:40d0:3c:1240:8ce1:e08e:e26c:e093,TCP,1294,1
348,41.145899,2606:2800:247:b713:6f8:1d37:ecd5:e137,2409:40d0:3c:1240:8ce1:e08e:e26c:e093,TCP,1294,1
349,41.145899,2606:2800:247:b713:6f8:1d37:ecd5:e137,2409:40d0:3c:1240:8ce1:e08e:e26c:e093,TCP,1294,1
350,41.145899,2606:2800:247:b713:6f8:1d37:ecd5:e137,2409:40d0:3c:1240:8ce1:e08e:e26c:e093,TCP,1294,1
351,41.145899,2606:2800:247:b713:6f8:1d37:ecd5:e137,2409:40d0:3c:1240:8ce1:e08e:e26c:e093,TLSv1.3,1294,1
352,41.145899,2606:2800:247:b713:6f8:1d37:ecd5:e137,2409:40d0:3c:1240:8ce1:e08e:e26c:e093,TCP,1294,1
353,41.145969,2409:40d0:3c:1240:8ce1:e08e:e26c:e093,2606:2800:247:b713:6f8:1d37:ecd5:e137,TCP,74,1
354,41.155507,2606:2800:247:b713:6f8:1d37:ecd5:e137,2409:40d0:3c:1240:8ce1:e08e:e26c:e093,TCP,1294,1
355,41.155507,2606:2800:247:b713:6f8:1d37:ecd5:e137,2409:40d0:3c:1240:8ce1:e08e:e26c:e093,TCP,1294,1
356,41.155507,2606:2800:247:b713:6f8:1d37:ecd5:e137,2409:40d0:3c:1240:8ce1:e08e:e26c:e093,TCP,1294,1
357,41.155507,2606:2800:247:b713:6f8:1d37:ecd5:e137,2409:40d0:3c:1240:8ce1:e08e:e26c:e093,TCP,1294,1
358,41.155507,2606:2800:247:b713:6f8:1d37:ecd5:e137,2409:40d0:3c:1240:8ce1:e08e:e26c:e093,TCP,1294,1
359,41.155507,2606:2800:247:b713:6f8:1d37:ecd5:e137,2409:40d0:3c:1240:8ce1:e08e:e26c:e093,TCP,1294,1
360,41.155507,2606:2800:247:b713:6f8:1d37:ecd5:e137,2409:40d0:3c:1240:8ce1:e08e:e26c:e093,TCP,1294,1
361,41.155507,2606:2800:247:b713:6f8:1d37:ecd5:e137,2409:40d0:3c:1240:8ce1:e08e:e26c:e093,TCP,1294,1
362,41.155507,2606:2800:247:b713:6f8:1d37:ecd5:e137,2409:40d0:3c:1240:8ce1:e08e:e26c:e093,TCP,1294,1
363,41.155507,2606:2800:247:b713:6f8:1d37:ecd5:e137,2409:40d0:3c:1240:8ce1:e08e:e26c:e093,TCP,1294,1
364,41.155507,2606:2800:247:b713:6f8:1d37:ecd5:e137,2409:40d0:3c:1240:8ce1:e08e:e26c:e093,TCP,1294,1
365,41.155507,2606:2800:247:b713:6f8:1d37:ecd5:e137,2409:40d0:3c:1240:8ce1:e08e:e26c:e093,TCP,1294,1
366,41.155507,2606:2800:247:b713:6f8:1d37:ecd5:e137,2409:40d0:3c:1240:8ce1:e08e:e26c:e093,TLSv1.3,1294,1
367,41.155507,2606:2800:247:b713:6f8:1d37:ecd5:e137,2409:40d0:3c:1240:8ce1:e08e:e26c:e093,TCP,1294,1
368,41.155507,2606:2800:247:b713:6f8:1d37:ecd5:e137,2409:40d0:3c:1240:8ce1:e08e:e26c:e093,TCP,1294,1
369,41.155507,2606:2800:247:b713:6f8:1d37:ecd5:e137,2409:40d0:3c:1240:8ce1:e08e:e26c:e093,TLSv1.3,628,-1
370,41.155613,2409:40d0:3c:1240:8ce1:e08e:e26c:e093,2606:2800:247:b713:6f8:1d37:ecd5:e137,TCP,74,1
371,41.158017,2409:40d0:3c:1240:8ce1:e08e:e26c:e093,2607:f740:e619::1,TCP,86,1
372,41.158218,192.168.150.136,192.168.150.153,DNS,79,1
373,41.158327,192.168.150.136,192.168.150.153,DNS,79,1
374,41.158415,192.168.150.136,192.168.150.153,DNS,79,1
375,41.187324,192.168.150.153,192.168.150.136,DNS,291,1
376,41.187324,192.168.150.153,192.168.150.136,DNS,183,1
377,41.187324,192.168.150.153,192.168.150.136,DNS,213,1
378,41.188973,2409:40d0:3c:1240:8ce1:e08e:e26c:e093,2405:200:1604::312c:5f8f,TCP,86,1
379,41.215733,2405:200:1604::312c:5f8f,2409:40d0:3c:1240:8ce1:e08e:e26c:e093,TCP,86,1
380,41.215889,2409:40d0:3c:1240:8ce1:e08e:e26c:e093,2405:200:1604::312c:5f8f,TCP,74,1
381,41.217197,2409:40d0:3c:1240:8ce1:e08e:e26c:e093,2405:200:1604::312c:5f8f,TCP,1374,1
382,41.217197,2409:40d0:3c:1240:8ce1:e08e:e26c:e093,2405:200:1604::312c:5f8f,TLSv1.3,535,-1
383,41.254048,2607:f740:e619::1,2409:40d0:3c:1240:8ce1:e08e:e26c:e093,TCP,86,1
384,41.254197,2409:40d0:3c:1240:8ce1:e08e:e26c:e093,2607:f740:e619::1,TCP,74,1
385,41.255441,2409:40d0:3c:1240:8ce1:e08e:e26c:e093,2607:f740:e619::1,TCP,1374,1
386,41.255441,2409:40d0:3c:1240:8ce1:e08e:e26c:e093,2607:f740:e619::1,TLSv1.3,499,-1
387,41.259962,2607:f740:e619::1,2409:40d0:3c:1240:8ce1:e08e:e26c:e093,TCP,86,1
388,41.260137,2409:40d0:3c:1240:8ce1:e08e:e26c:e093,2607:f740:e619::1,TCP,74,1
389,41.261398,2409:40d0:3c:1240:8ce1:e08e:e26c:e093,2607:f740:e619::1,TCP,1374,1
390,41.261398,2409:40d0:3c:1240:8ce1:e08e:e26c:e093,2607:f740:e619::1,TLSv1.3,531,-1
391,41.273349,2405:200:1604::312c:5f8f,2409:40d0:3c:1240:8ce1:e08e:e26c:e093,TCP,74,1
392,41.278648,2405:200:1604::312c:5f8f,2409:40d0:3c:1240:8ce1:e08e:e26c:e093,TCP,74,1
393,41.284059,2405:200:1604::312c:5f8f,2409:40d0:3c:1240:8ce1:e08e:e26c:e093,TLSv1.3,1374,1
394,41.284059,2405:200:1604::312c:5f8f,2409:40d0:3c:1240:8ce1:e08e:e26c:e093,TCP,1374,1
395,41.284059,2405:200:1604::312c:5f8f,2409:40d0:3c:1240:8ce1:e08e:e26c:e093,TLSv1.3,1374,1
396,41.284059,2405:200:1604::312c:5f8f,2409:40d0:3c:1240:8ce1:e08e:e26c:e093,TCP,270,1
397,41.284231,2409:40d0:3c:1240:8ce1:e08e:e26c:e093,2405:200:1604::312c:5f8f,TCP,74,1
398,41.300102,2405:200:1604::312c:5f8f,2409:40d0:3c:1240:8ce1:e08e:e26c:e093,TLSv1.3,168,1
399,41.305102,2409:40d0:3c:1240:8ce1:e08e:e26c:e093,2405:200:1604::312c:5f8f,TLSv1.3,154,1
400,41.305495,2409:40d0:3c:1240:8ce1:e08e:e26c:e093,2405:200:1604::312c:5f8f,TLSv1.3,166,1
401,41.305797,2409:40d0:3c:1240:8ce1:e08e:e26c:e093,2405:200:1604::312c:5f8f,TLSv1.3,650,-1
402,41.335532,2405:200:1604::312c:5f8f,2409:40d0:3c:1240:8ce1:e08e:e26c:e093,TLSv1.3,361,1
403,41.335532,2405:200:1604::312c:5f8f,2409:40d0:3c:1240:8ce1:e08e:e26c:e093,TLSv1.3,361,1
404,41.335532,2405:200:1604::312c:5f8f,2409:40d0:3c:1240:8ce1:e08e:e26c:e093,TLSv1.3,135,1
405,41.335532,2405:200:1604::312c:5f8f,2409:40d0:3c:1240:8ce1:e08e:e26c:e093,TLSv1.3,105,1
406,41.335666,2409:40d0:3c:1240:8ce1:e08e:e26c:e093,2405:200:1604::312c:5f8f,TCP,74,1
407,41.336107,2409:40d0:3c:1240:8ce1:e08e:e26c:e093,2405:200:1604::312c:5f8f,TLSv1.3,105,1
408,41.338616,2607:f740:e619::1,2409:40d0:3c:1240:8ce1:e08e:e26c:e093,TCP,78,1
409,41.33878,2409:40d0:3c:1240:8ce1:e08e:e26c:e093,2607:f740:e619::1,TCP,74,1
410,41.340148,2409:40d0:3c:1240:8ce1:e08e:e26c:e093,2607:f740:e619::1,TCP,1374,1
411,41.340148,2409:40d0:3c:1240:8ce1:e08e:e26c:e093,2607:f740:e619::1,TLSv1.3,499,-1
412,41.39499,2405:200:1604::312c:5f8f,2409:40d0:3c:1240:8ce1:e08e:e26c:e093,TCP,74,1
413,41.45495,2607:f740:e619::1,2409:40d0:3c:1240:8ce1:e08e:e26c:e093,TCP,74,1
414,41.45495,2607:f740:e619::1,2409:40d0:3c:1240:8ce1:e08e:e26c:e093,TLSv1.3,1374,1
415,41.45495,2607:f740:e619::1,2409:40d0:3c:1240:8ce1:e08e:e26c:e093,TCP,1374,1
416,41.45495,2607:f740:e619::1,2409:40d0:3c:1240:8ce1:e08e:e26c:e093,TLSv1.3,1374,1
417,41.45495,2607:f740:e619::1,2409:40d0:3c:1240:8ce1:e08e:e26c:e093,TCP,270,1
418,41.45495,2607:f740:e619::1,2409:40d0:3c:1240:8ce1:e08e:e26c:e093,TLSv1.3,172,1
419,41.455025,2409:40d0:3c:1240:8ce1:e08e:e26c:e093,2607:f740:e619::1,TCP,74,1
420,41.455426,2409:40d0:3c:1240:8ce1:e08e:e26c:e093,2607:f740:e619::1,TLSv1.3,154,1
421,41.455569,2409:40d0:3c:1240:8ce1:e08e:e26c:e093,2607:f740:e619::1,TLSv1.3,840,-1
422,41.475698,2607:f740:e619::1,2409:40d0:3c:1240:8ce1:e08e:e26c:e093,TCP,74,1
423,41.486947,2607:f740:e619::1,2409:40d0:3c:1240:8ce1:e08e:e26c:e093,TCP,74,1
424,41.494854,2607:f740:e619::1,2409:40d0:3c:1240:8ce1:e08e:e26c:e093,TLSv1.3,1374,1
425,41.494854,2607:f740:e619::1,2409:40d0:3c:1240:8ce1:e08e:e26c:e093,TCP,1374,1
426,41.494854,2607:f740:e619::1,2409:40d0:3c:1240:8ce1:e08e:e26c:e093,TLSv1.3,1374,1
427,41.494854,2607:f740:e619::1,2409:40d0:3c:1240:8ce1:e08e:e26c:e093,TCP,270,1
428,41.494854,2607:f740:e619::1,2409:40d0:3c:1240:8ce1:e08e:e26c:e093,TLSv1.3,172,1
429,41.494959,2409:40d0:3c:1240:8ce1:e08e:e26c:e093,2607:f740:e619::1,TCP,74,1
430,41.495543,2409:40d0:3c:1240:8ce1:e08e:e26c:e093,2607:f740:e619::1,TLSv1.3,154,1
431,41.495765,2409:40d0:3c:1240:8ce1:e08e:e26c:e093,2607:f740:e619::1,TLSv1.3,830,-1
432,41.529439,2607:f740:e619::1,2409:40d0:3c:1240:8ce1:e08e:e26c:e093,TCP,74,1
433,41.529439,2607:f740:e619::1,2409:40d0:3c:1240:8ce1:e08e:e26c:e093,TLSv1.3,1294,1
434,41.529439,2607:f740:e619::1,2409:40d0:3c:1240:8ce1:e08e:e26c:e093,TCP,1294,1
435,41.529439,2607:f740:e619::1,2409:40d0:3c:1240:8ce1:e08e:e26c:e093,TCP,1294,1
436,41.529439,2607:f740:e619::1,2409:40d0:3c:1240:8ce1:e08e:e26c:e093,TLSv1.3,510,-1
437,41.529439,2607:f740:e619::1,2409:40d0:3c:1240:8ce1:e08e:e26c:e093,TLSv1.3,172,1
438,41.529625,2409:40d0:3c:1240:8ce1:e08e:e26c:e093,2607:f740:e619::1,TCP,74,1
439,41.530739,2409:40d0:3c:1240:8ce1:e08e:e26c:e093,2607:f740:e619::1,TLSv1.3,154,1
440,41.531173,2409:40d0:3c:1240:8ce1:e08e:e26c:e093,2607:f740:e619::1,TLSv1.3,837,-1
441,41.628802,2607:f740:e619::1,2409:40d0:3c:1240:8ce1:e08e:e26c:e093,TCP,74,1
442,41.628802,2607:f740:e619::1,2409:40d0:3c:1240:8ce1:e08e:e26c:e093,TLSv1.3,377,1
443,41.628802,2607:f740:e619::1,2409:40d0:3c:1240:8ce1:e08e:e26c:e093,TLSv1.3,377,1
444,41.628858,2409:40d0:3c:1240:8ce1:e08e:e26c:e093,2607:f740:e619::1,TCP,74,1
445,41.631928,2607:f740:e619::1,2409:40d0:3c:1240:8ce1:e08e:e26c:e093,TLSv1.3,372,1
446,41.63395,2405:200:1604::312c:5f8f,2409:40d0:3c:1240:8ce1:e08e:e26c:e093,TLSv1.3,547,-1
447,41.63395,2405:200:1604::312c:5f8f,2409:40d0:3c:1240:8ce1:e08e:e26c:e093,TLSv1.3,148,1
448,41.633997,2409:40d0:3c:1240:8ce1:e08e:e26c:e093,2405:200:1604::312c:5f8f,TCP,74,1
449,41.636462,2409:40d0:3c:1240:8ce1:e08e:e26c:e093,2607:f740:e619::1,TLSv1.3,841,-1
450,41.636712,2409:40d0:3c:1240:8ce1:e08e:e26c:e093,2405:200:1604::312c:5f8f,TLSv1.3,305,1
451,41.675521,2607:f740:e619::1,2409:40d0:3c:1240:8ce1:e08e:e26c:e093,TCP,74,1
452,41.675521,2607:f740:e619::1,2409:40d0:3c:1240:8ce1:e08e:e26c:e093,TLSv1.3,377,1
453,41.675521,2607:f740:e619::1,2409:40d0:3c:1240:8ce1:e08e:e26c:e093,TLSv1.3,377,1
454,41.675571,2409:40d0:3c:1240:8ce1:e08e:e26c:e093,2607:f740:e619::1,TCP,74,1
455,41.676874,2405:200:1604::312c:5f8f,2409:40d0:3c:1240:8ce1:e08e:e26c:e093,TCP,74,1
456,41.676874,2607:f740:e619::1,2409:40d0:3c:1240:8ce1:e08e:e26c:e093,TLSv1.3,372,1
457,41.701285,2607:f740:e619::1,2409:40d0:3c:1240:8ce1:e08e:e26c:e093,TLSv1.3,377,1
458,41.701285,2607:f740:e619::1,2409:40d0:3c:1240:8ce1:e08e:e26c:e093,TLSv1.3,377,1
459,41.701327,2409:40d0:3c:1240:8ce1:e08e:e26c:e093,2607:f740:e619::1,TCP,74,1
460,41.709152,2607:f740:e619::1,2409:40d0:3c:1240:8ce1:e08e:e26c:e093,TLSv1.3,372,1
461,41.726225,2409:40d0:3c:1240:8ce1:e08e:e26c:e093,2607:f740:e619::1,TCP,74,1
462,41.757616,2409:40d0:3c:1240:8ce1:e08e:e26c:e093,2607:f740:e619::1,TCP,74,1
463,41.830052,2607:f740:e619::1,2409:40d0:3c:1240:8ce1:e08e:e26c:e093,TLSv1.3,372,1
464,41.88534,2409:40d0:3c:1240:8ce1:e08e:e26c:e093,2607:f740:e619::1,TCP,74,1
465,41.909082,64:ff9b::b928:e8a9,2409:40d0:3c:1240:8ce1:e08e:e26c:e093,TLSv1.3,98,1
466,41.909082,64:ff9b::b928:e8a9,2409:40d0:3c:1240:8ce1:e08e:e26c:e093,TCP,74,1
467,41.909132,2409:40d0:3c:1240:8ce1:e08e:e26c:e093,64:ff9b::b928:e8a9,TCP,74,1
468,41.965059,2405:200:1604::312c:5f8f,2409:40d0:3c:1240:8ce1:e08e:e26c:e093,TLSv1.3,548,-1
469,41.965059,2405:200:1604::312c:5f8f,2409:40d0:3c:1240:8ce1:e08e:e26c:e093,TLSv1.3,148,1
470,41.965194,2409:40d0:3c:1240:8ce1:e08e:e26c:e093,2405:200:1604::312c:5f8f,TCP,74,1
471,41.969605,2409:40d0:3c:1240:8ce1:e08e:e26c:e093,64:ff9b::b928:e8a9,TCP,74,1
472,41.969652,2409:40d0:3c:1240:8ce1:e08e:e26c:e093,64:ff9b::b928:e8a9,TCP,74,1
473,41.969772,2409:40d0:3c:1240:8ce1:e08e:e26c:e093,2607:f740:e619::1,TLSv1.3,834,-1
474,42.142235,64:ff9b::b928:e8a9,2409:40d0:3c:1240:8ce1:e08e:e26c:e093,TCP,74,1
475,42.158836,2607:f740:e619::1,2409:40d0:3c:1240:8ce1:e08e:e26c:e093,TLSv1.3,372,1
476,42.199837,2409:40d0:3c:1240:8ce1:e08e:e26c:e093,2607:f740:e619::1,TCP,74,1
477,42.677106,2607:f740:e619::1,2409:40d0:3c:1240:8ce1:e08e:e26c:e093,TLSv1.3,98,1
478,42.677106,2607:f740:e619::1,2409:40d0:3c:1240:8ce1:e08e:e26c:e093,TCP,74,1
479,42.677181,2409:40d0:3c:1240:8ce1:e08e:e26c:e093,2607:f740:e619::1,TCP,74,1
480,42.707387,2607:f740:e619::1,2409:40d0:3c:1240:8ce1:e08e:e26c:e093,TLSv1.3,98,1
481,42.707387,2607:f740:e619::1,2409:40d0:3c:1240:8ce1:e08e:e26c:e093,TCP,74,1
482,42.70749,2409:40d0:3c:1240:8ce1:e08e:e26c:e093,2607:f740:e619::1,TCP,74,1
483,43.217463,2607:f740:e619::1,2409:40d0:3c:1240:8ce1:e08e:e26c:e093,TLSv1.3,98,1
484,43.217463,2607:f740:e619::1,2409:40d0:3c:1240:8ce1:e08e:e26c:e093,TCP,74,1
485,43.21757,2409:40d0:3c:1240:8ce1:e08e:e26c:e093,2607:f740:e619::1,TCP,74,1
486,43.805091,192.168.150.136,192.168.150.153,DNS,75,1
487,43.805484,192.168.150.136,192.168.150.153,DNS,75,1
488,43.805809,192.168.150.136,192.168.150.153,DNS,75,1
489,43.810457,192.168.150.153,192.168.150.136,DNS,103,1
490,43.810457,192.168.150.153,192.168.150.136,DNS,91,1
491,43.832977,2409:40d0:3c:1240:8ce1:e08e:e26c:e093,2404:6800:4002:810::200e,QUIC,1292,1
492,43.833161,2409:40d0:3c:1240:8ce1:e08e:e26c:e093,2404:6800:4002:810::200e,QUIC,1292,1
493,43.837131,2409:40d0:3c:1240:8ce1:e08e:e26c:e093,2404:6800:4002:810::200e,QUIC,138,1
494,43.856597,192.168.150.153,192.168.150.136,DNS,125,1
495,43.87125,2404:6800:4002:810::200e,2409:40d0:3c:1240:8ce1:e08e:e26c:e093,QUIC,1292,1
496,43.932599,2404:6800:4002:810::200e,2409:40d0:3c:1240:8ce1:e08e:e26c:e093,QUIC,1292,1
497,43.932599,2404:6800:4002:810::200e,2409:40d0:3c:1240:8ce1:e08e:e26c:e093,QUIC,361,1
498,43.933398,2404:6800:4002:810::200e,2409:40d0:3c:1240:8ce1:e08e:e26c:e093,QUIC,692,-1
499,43.933398,2404:6800:4002:810::200e,2409:40d0:3c:1240:8ce1:e08e:e26c:e093,QUIC,87,1
500,43.934107,2409:40d0:3c:1240:8ce1:e08e:e26c:e093,2404:6800:4002:810::200e,QUIC,1292,1
501,43.934378,2409:40d0:3c:1240:8ce1:e08e:e26c:e093,2404:6800:4002:810::200e,QUIC,93,1
502,43.93504,2409:40d0:3c:1240:8ce1:e08e:e26c:e093,2404:6800:4002:810::200e,QUIC,1288,-1
503,43.935158,2409:40d0:3c:1240:8ce1:e08e:e26c:e093,2404:6800:4002:810::200e,QUIC,1288,-1
504,43.93525,2409:40d0:3c:1240:8ce1:e08e:e26c:e093,2404:6800:4002:810::200e,QUIC,311,1
505,43.955869,2404:6800:4002:810::200e,2409:40d0:3c:1240:8ce1:e08e:e26c:e093,QUIC,182,1
506,43.958371,2404:6800:4002:810::200e,2409:40d0:3c:1240:8ce1:e08e:e26c:e093,QUIC,87,1
507,43.959497,2404:6800:4002:810::200e,2409:40d0:3c:1240:8ce1:e08e:e26c:e093,QUIC,91,1
508,43.960063,2409:40d0:3c:1240:8ce1:e08e:e26c:e093,2404:6800:4002:810::200e,QUIC,93,1
509,43.960339,2404:6800:4002:810::200e,2409:40d0:3c:1240:8ce1:e08e:e26c:e093,QUIC,87,1
510,44.100007,2404:6800:4002:810::200e,2409:40d0:3c:1240:8ce1:e08e:e26c:e093,QUIC,624,-1
511,44.102385,2404:6800:4002:810::200e,2409:40d0:3c:1240:8ce1:e08e:e26c:e093,QUIC,178,1
512,44.102604,2409:40d0:3c:1240:8ce1:e08e:e26c:e093,2404:6800:4002:810::200e,QUIC,97,1
513,44.148422,2404:6800:4002:810::200e,2409:40d0:3c:1240:8ce1:e08e:e26c:e093,QUIC,86,1
514,44.48957,0e:60:a2:c9:ef:75,Intel_98:9e:73,ARP,42,-1
515,44.489597,Intel_98:9e:73,0e:60:a2:c9:ef:75,ARP,42,-1
516,45.510753,fe80::c60:a2ff:fec9:ef75,2409:40d0:3c:1240:8ce1:e08e:e26c:e093,ICMPv6,86,1
517,45.510832,2409:40d0:3c:1240:8ce1:e08e:e26c:e093,fe80::c60:a2ff:fec9:ef75,ICMPv6,86,1
518,47.000173,2409:40d0:3c:1240:8ce1:e08e:e26c:e093,2404:6800:4002:81c::2005,TCP,75,1
519,47.036238,2404:6800:4002:81c::2005,2409:40d0:3c:1240:8ce1:e08e:e26c:e093,TCP,86,1
520,50.618262,2409:40d0:3c:1240:8ce1:e08e:e26c:e093,2404:6800:4002:815::200a,UDP,91,1
521,50.667167,2404:6800:4002:815::200a,2409:40d0:3c:1240:8ce1:e08e:e26c:e093,UDP,87,1
522,51.219848,2620:1ec:21::14,2409:40d0:3c:1240:8ce1:e08e:e26c:e093,TLSv1.2,120,1
523,51.235913,2409:40d0:3c:1240:8ce1:e08e:e26c:e093,2620:1ec:21::14,TLSv1.2,116,1
524,51.236063,2409:40d0:3c:1240:8ce1:e08e:e26c:e093,2620:1ec:21::14,TLSv1.2,116,1
525,51.273437,2620:1ec:21::14,2409:40d0:3c:1240:8ce1:e08e:e26c:e093,TCP,74,1
526,51.278334,2620:1ec:21::14,2409:40d0:3c:1240:8ce1:e08e:e26c:e093,TCP,74,1
527,53.809648,2409:40d0:3c:1240:8ce1:e08e:e26c:e093,2620:1ec:21::14,TCP,1374,1
528,53.809648,2409:40d0:3c:1240:8ce1:e08e:e26c:e093,2620:1ec:21::14,TCP,1374,1
529,53.809648,2409:40d0:3c:1240:8ce1:e08e:e26c:e093,2620:1ec:21::14,TCP,1374,1
530,53.809648,2409:40d0:3c:1240:8ce1:e08e:e26c:e093,2620:1ec:21::14,TCP,1374,1
531,53.809648,2409:40d0:3c:1240:8ce1:e08e:e26c:e093,2620:1ec:21::14,TCP,1374,1
532,53.809648,2409:40d0:3c:1240:8ce1:e08e:e26c:e093,2620:1ec:21::14,TLSv1.2,1140,-1
533,53.809794,2409:40d0:3c:1240:8ce1:e08e:e26c:e093,2620:1ec:21::14,TLSv1.2,294,1
534,53.882656,2620:1ec:21::14,2409:40d0:3c:1240:8ce1:e08e:e26c:e093,TCP,74,1
535,53.91258,2620:1ec:21::14,2409:40d0:3c:1240:8ce1:e08e:e26c:e093,TCP,74,1
536,53.92223,2620:1ec:21::14,2409:40d0:3c:1240:8ce1:e08e:e26c:e093,TCP,74,1
537,53.937157,2620:1ec:21::14,2409:40d0:3c:1240:8ce1:e08e:e26c:e093,TCP,74,1
538,53.962359,2620:1ec:21::14,2409:40d0:3c:1240:8ce1:e08e:e26c:e093,TCP,74,1
539,53.967227,2620:1ec:21::14,2409:40d0:3c:1240:8ce1:e08e:e26c:e093,TCP,74,1
540,53.972142,2620:1ec:21::14,2409:40d0:3c:1240:8ce1:e08e:e26c:e093,TCP,74,1
541,54.22348,2620:1ec:21::14,2409:40d0:3c:1240:8ce1:e08e:e26c:e093,TLSv1.2,257,1
542,54.265791,2409:40d0:3c:1240:8ce1:e08e:e26c:e093,2620:1ec:21::14,TCP,74,1
543,54.944683,2409:40d0:3c:1240:8ce1:e08e:e26c:e093,64:ff9b::8c52:721a,TCP,75,1
544,55.331271,64:ff9b::8c52:721a,2409:40d0:3c:1240:8ce1:e08e:e26c:e093,TCP,86,1
545,55.436714,2404:6800:4002:815::200a,2409:40d0:3c:1240:8ce1:e08e:e26c:e093,UDP,140,1
546,55.451918,2409:40d0:3c:1240:8ce1:e08e:e26c:e093,2404:6800:4002:815::200a,UDP,95,1
547,55.972067,192.168.150.136,192.168.150.153,DNS,89,1
548,55.972472,192.168.150.136,192.168.150.153,DNS,89,1
549,55.972809,192.168.150.136,192.168.150.153,DNS,89,1
550,55.974888,192.168.150.153,192.168.150.136,DNS,117,1
551,55.982121,192.168.150.153,192.168.150.136,DNS,105,1
552,55.992562,192.168.150.153,192.168.150.136,DNS,146,1
553,55.995468,2409:40d0:3c:1240:8ce1:e08e:e26c:e093,2404:6800:4002:820::2003,QUIC,1292,1
554,55.99564,2409:40d0:3c:1240:8ce1:e08e:e26c:e093,2404:6800:4002:820::2003,QUIC,1292,1
555,55.995753,2409:40d0:3c:1240:8ce1:e08e:e26c:e093,2404:6800:4002:820::2003,QUIC,1292,1
556,55.999481,2409:40d0:3c:1240:8ce1:e08e:e26c:e093,2404:6800:4002:820::2003,QUIC,140,1
557,56.081544,2409:40d0:3c:1240:8ce1:e08e:e26c:e093,2404:6800:4002:820::2003,QUIC,1292,1
558,56.088165,2404:6800:4002:820::2003,2409:40d0:3c:1240:8ce1:e08e:e26c:e093,QUIC,1292,1
559,56.088165,2404:6800:4002:820::2003,2409:40d0:3c:1240:8ce1:e08e:e26c:e093,QUIC,1292,1
560,56.112857,2404:6800:4002:820::2003,2409:40d0:3c:1240:8ce1:e08e:e26c:e093,QUIC,1292,1
561,56.151372,2404:6800:4002:820::2003,2409:40d0:3c:1240:8ce1:e08e:e26c:e093,QUIC,1292,1
562,56.151372,2404:6800:4002:820::2003,2409:40d0:3c:1240:8ce1:e08e:e26c:e093,QUIC,374,1
563,56.151372,2404:6800:4002:820::2003,2409:40d0:3c:1240:8ce1:e08e:e26c:e093,QUIC,980,-1
564,56.151372,2404:6800:4002:820::2003,2409:40d0:3c:1240:8ce1:e08e:e26c:e093,QUIC,139,1
565,56.151372,2404:6800:4002:820::2003,2409:40d0:3c:1240:8ce1:e08e:e26c:e093,QUIC,86,1
566,56.152894,2409:40d0:3c:1240:8ce1:e08e:e26c:e093,2404:6800:4002:820::2003,QUIC,1292,1
567,56.153166,2409:40d0:3c:1240:8ce1:e08e:e26c:e093,2404:6800:4002:820::2003,QUIC,93,1
568,56.153809,2409:40d0:3c:1240:8ce1:e08e:e26c:e093,2404:6800:4002:820::2003,QUIC,1288,-1
569,56.153917,2409:40d0:3c:1240:8ce1:e08e:e26c:e093,2404:6800:4002:820::2003,QUIC,1292,1
570,56.154014,2409:40d0:3c:1240:8ce1:e08e:e26c:e093,2404:6800:4002:820::2003,QUIC,1292,1
571,56.154117,2409:40d0:3c:1240:8ce1:e08e:e26c:e093,2404:6800:4002:820::2003,QUIC,1292,1
572,56.154218,2409:40d0:3c:1240:8ce1:e08e:e26c:e093,2404:6800:4002:820::2003,QUIC,1292,1
573,56.154319,2409:40d0:3c:1240:8ce1:e08e:e26c:e093,2404:6800:4002:820::2003,QUIC,1292,1
574,56.159901,2409:40d0:3c:1240:8ce1:e08e:e26c:e093,2404:6800:4002:820::2003,QUIC,1292,1
575,56.160151,2409:40d0:3c:1240:8ce1:e08e:e26c:e093,2404:6800:4002:820::2003,QUIC,1292,1
576,56.160293,2409:40d0:3c:1240:8ce1:e08e:e26c:e093,2404:6800:4002:820::2003,QUIC,1292,1
577,56.160457,2409:40d0:3c:1240:8ce1:e08e:e26c:e093,2404:6800:4002:820::2003,QUIC,1292,1
578,56.160575,2409:40d0:3c:1240:8ce1:e08e:e26c:e093,2404:6800:4002:820::2003,QUIC,1292,1
579,56.160689,2409:40d0:3c:1240:8ce1:e08e:e26c:e093,2404:6800:4002:820::2003,QUIC,1292,1
580,56.175571,2409:40d0:3c:1240:8ce1:e08e:e26c:e093,2404:6800:4002:820::2003,QUIC,1292,1
581,56.175646,2409:40d0:3c:1240:8ce1:e08e:e26c:e093,2404:6800:4002:820::2003,QUIC,1292,1
582,56.175685,2409:40d0:3c:1240:8ce1:e08e:e26c:e093,2404:6800:4002:820::2003,QUIC,1292,1
583,56.175713,2409:40d0:3c:1240:8ce1:e08e:e26c:e093,2404:6800:4002:820::2003,QUIC,1292,1
584,56.175743,2409:40d0:3c:1240:8ce1:e08e:e26c:e093,2404:6800:4002:820::2003,QUIC,1292,1
585,56.175771,2409:40d0:3c:1240:8ce1:e08e:e26c:e093,2404:6800:4002:820::2003,QUIC,1292,1
586,56.175802,2409:40d0:3c:1240:8ce1:e08e:e26c:e093,2404:6800:4002:820::2003,QUIC,1292,1
587,56.175838,2409:40d0:3c:1240:8ce1:e08e:e26c:e093,2404:6800:4002:820::2003,QUIC,1292,1
588,56.17588,2409:40d0:3c:1240:8ce1:e08e:e26c:e093,2404:6800:4002:820::2003,QUIC,1292,1
589,56.175921,2409:40d0:3c:1240:8ce1:e08e:e26c:e093,2404:6800:4002:820::2003,QUIC,1292,1
590,56.175957,2409:40d0:3c:1240:8ce1:e08e:e26c:e093,2404:6800:4002:820::2003,QUIC,1292,1
591,56.176035,2409:40d0:3c:1240:8ce1:e08e:e26c:e093,2404:6800:4002:820::2003,QUIC,1292,1
592,56.176123,2409:40d0:3c:1240:8ce1:e08e:e26c:e093,2404:6800:4002:820::2003,QUIC,1292,1
593,56.17619,2409:40d0:3c:1240:8ce1:e08e:e26c:e093,2404:6800:4002:820::2003,QUIC,1292,1
594,56.19126,2409:40d0:3c:1240:8ce1:e08e:e26c:e093,2404:6800:4002:820::2003,QUIC,1292,1
595,56.191339,2409:40d0:3c:1240:8ce1:e08e:e26c:e093,2404:6800:4002:820::2003,QUIC,279,1
596,56.207964,2404:6800:4002:820::2003,2409:40d0:3c:1240:8ce1:e08e:e26c:e093,QUIC,182,1
597,56.216026,2404:6800:4002:820::2003,2409:40d0:3c:1240:8ce1:e08e:e26c:e093,QUIC,91,1
598,56.216361,2409:40d0:3c:1240:8ce1:e08e:e26c:e093,2404:6800:4002:820::2003,QUIC,93,1
599,56.227552,2404:6800:4002:820::2003,2409:40d0:3c:1240:8ce1:e08e:e26c:e093,QUIC,87,1
600,56.233635,2404:6800:4002:820::2003,2409:40d0:3c:1240:8ce1:e08e:e26c:e093,QUIC,87,1
601,56.253836,2404:6800:4002:820::2003,2409:40d0:3c:1240:8ce1:e08e:e26c:e093,QUIC,87,1
602,56.263275,2404:6800:4002:820::2003,2409:40d0:3c:1240:8ce1:e08e:e26c:e093,QUIC,87,1
603,56.277945,2404:6800:4002:820::2003,2409:40d0:3c:1240:8ce1:e08e:e26c:e093,QUIC,87,1
604,56.292825,2404:6800:4002:820::2003,2409:40d0:3c:1240:8ce1:e08e:e26c:e093,QUIC,87,1
605,56.313042,2404:6800:4002:820::2003,2409:40d0:3c:1240:8ce1:e08e:e26c:e093,QUIC,87,1
606,56.31883,2404:6800:4002:820::2003,2409:40d0:3c:1240:8ce1:e08e:e26c:e093,QUIC,190,1
607,56.319092,2409:40d0:3c:1240:8ce1:e08e:e26c:e093,2404:6800:4002:820::2003,QUIC,95,1
608,56.323237,2404:6800:4002:820::2003,2409:40d0:3c:1240:8ce1:e08e:e26c:e093,QUIC,87,1
609,56.333246,2404:6800:4002:820::2003,2409:40d0:3c:1240:8ce1:e08e:e26c:e093,QUIC,87,1
610,56.346038,2404:6800:4002:820::2003,2409:40d0:3c:1240:8ce1:e08e:e26c:e093,QUIC,87,1
611,56.366403,2404:6800:4002:820::2003,2409:40d0:3c:1240:8ce1:e08e:e26c:e093,QUIC,87,1
612,56.368211,2404:6800:4002:820::2003,2409:40d0:3c:1240:8ce1:e08e:e26c:e093,QUIC,87,1
613,56.385088,2404:6800:4002:820::2003,2409:40d0:3c:1240:8ce1:e08e:e26c:e093,QUIC,87,1
614,56.393018,2404:6800:4002:820::2003,2409:40d0:3c:1240:8ce1:e08e:e26c:e093,QUIC,87,1
615,56.604035,2409:40d0:3c:1240:8ce1:e08e:e26c:e093,2404:6800:4002:820::2003,QUIC,91,1
616,56.626647,2404:6800:4002:820::2003,2409:40d0:3c:1240:8ce1:e08e:e26c:e093,QUIC,268,1
617,56.62878,2404:6800:4002:820::2003,2409:40d0:3c:1240:8ce1:e08e:e26c:e093,QUIC,296,1
618,56.629205,2409:40d0:3c:1240:8ce1:e08e:e26c:e093,2404:6800:4002:820::2003,QUIC,97,1
619,56.673296,2404:6800:4002:820::2003,2409:40d0:3c:1240:8ce1:e08e:e26c:e093,QUIC,86,1
620,60.95207,Intel_98:9e:73,0e:60:a2:c9:ef:75,ARP,42,-1
621,60.960797,0e:60:a2:c9:ef:75,Intel_98:9e:73,ARP,42,-1
622,61.779957,2404:6800:4002:81c::2005,2409:40d0:3c:1240:8ce1:e08e:e26c:e093,TLSv1.2,147,1
623,61.780299,2409:40d0:3c:1240:8ce1:e08e:e26c:e093,2404:6800:4002:81c::2005,TCP,74,1
624,61.815653,2404:6800:4002:81c::2005,2409:40d0:3c:1240:8ce1:e08e:e26c:e093,TCP,74,1
625,61.815749,2409:40d0:3c:1240:8ce1:e08e:e26c:e093,2404:6800:4002:81c::2005,TCP,74,1
626,66.259264,2620:1ec:21::14,2409:40d0:3c:1240:8ce1:e08e:e26c:e093,TLSv1.2,120,1
627,66.263107,2409:40d0:3c:1240:8ce1:e08e:e26c:e093,2620:1ec:21::14,TLSv1.2,116,1
628,66.263312,2409:40d0:3c:1240:8ce1:e08e:e26c:e093,2620:1ec:21::14,TLSv1.2,116,1
629,66.290105,2620:1ec:21::14,2409:40d0:3c:1240:8ce1:e08e:e26c:e093,TCP,74,1
630,66.295023,2620:1ec:21::14,2409:40d0:3c:1240:8ce1:e08e:e26c:e093,TCP,74,1
631,67.016,fe80::c60:a2ff:fec9:ef75,2409:40d0:3c:1240:8ce1:e08e:e26c:e093,ICMPv6,86,1
632,67.016087,2409:40d0:3c:1240:8ce1:e08e:e26c:e093,fe80::c60:a2ff:fec9:ef75,ICMPv6,86,1
633,69.620894,64:ff9b::8c52:721a,2409:40d0:3c:1240:8ce1:e08e:e26c:e093,TLSv1.2,100,1
634,69.621237,2409:40d0:3c:1240:8ce1:e08e:e26c:e093,64:ff9b::8c52:721a,TLSv1.2,104,1
635,69.939292,64:ff9b::8c52:721a,2409:40d0:3c:1240:8ce1:e08e:e26c:e093,TCP,76,1
636,70.446751,2409:40d0:3c:1240:8ce1:e08e:e26c:e093,2404:6800:4002:815::200a,UDP,91,1
637,70.52641,2409:40d0:3c:1240:8ce1:e08e:e26c:e093,2404:6800:4002:815::200a,UDP,91,1
638,70.548942,2404:6800:4002:815::200a,2409:40d0:3c:1240:8ce1:e08e:e26c:e093,UDP,87,1
639,70.563038,2404:6800:4002:815::200a,2409:40d0:3c:1240:8ce1:e08e:e26c:e093,UDP,88,1
640,73.814295,192.168.150.136,192.168.150.153,DNS,75,1
641,73.814425,192.168.150.136,192.168.150.153,DNS,75,1
642,73.814513,192.168.150.136,192.168.150.153,DNS,75,1
643,73.816277,192.168.150.153,192.168.150.136,DNS,103,1
644,73.85206,192.168.150.153,192.168.150.136,DNS,91,1
645,73.857758,192.168.150.153,192.168.150.136,DNS,132,1
646,73.858956,2409:40d0:3c:1240:8ce1:e08e:e26c:e093,2404:6800:4002:82e::2003,QUIC,1292,1
647,73.859043,2409:40d0:3c:1240:8ce1:e08e:e26c:e093,2404:6800:4002:82e::2003,QUIC,1292,1
648,73.859083,2409:40d0:3c:1240:8ce1:e08e:e26c:e093,2404:6800:4002:82e::2003,QUIC,1292,1
649,73.860566,2409:40d0:3c:1240:8ce1:e08e:e26c:e093,2404:6800:4002:82e::2003,QUIC,139,1
650,73.860769,2409:40d0:3c:1240:8ce1:e08e:e26c:e093,2404:6800:4002:82e::2003,QUIC,857,-1
651,73.908159,2404:6800:4002:82e::2003,2409:40d0:3c:1240:8ce1:e08e:e26c:e093,QUIC,1292,1
652,73.908159,2404:6800:4002:82e::2003,2409:40d0:3c:1240:8ce1:e08e:e26c:e093,QUIC,1292,1
653,73.932922,2409:40d0:3c:1240:8ce1:e08e:e26c:e093,2404:6800:4002:82e::2003,QUIC,1292,1
654,73.962973,2404:6800:4002:82e::2003,2409:40d0:3c:1240:8ce1:e08e:e26c:e093,QUIC,1292,1
655,73.976947,2404:6800:4002:82e::2003,2409:40d0:3c:1240:8ce1:e08e:e26c:e093,QUIC,1292,1
656,73.976947,2404:6800:4002:82e::2003,2409:40d0:3c:1240:8ce1:e08e:e26c:e093,QUIC,357,1
657,73.976947,2404:6800:4002:82e::2003,2409:40d0:3c:1240:8ce1:e08e:e26c:e093,QUIC,997,-1
658,73.976947,2404:6800:4002:82e::2003,2409:40d0:3c:1240:8ce1:e08e:e26c:e093,QUIC,94,1
659,73.976947,2404:6800:4002:82e::2003,2409:40d0:3c:1240:8ce1:e08e:e26c:e093,QUIC,86,1
660,73.976947,2404:6800:4002:82e::2003,2409:40d0:3c:1240:8ce1:e08e:e26c:e093,QUIC,84,1
661,73.978637,2409:40d0:3c:1240:8ce1:e08e:e26c:e093,2404:6800:4002:82e::2003,QUIC,1292,1
662,73.97894,2409:40d0:3c:1240:8ce1:e08e:e26c:e093,2404:6800:4002:82e::2003,QUIC,93,1
663,73.97925,2409:40d0:3c:1240:8ce1:e08e:e26c:e093,2404:6800:4002:82e::2003,QUIC,93,1
664,74.008275,2404:6800:4002:82e::2003,2409:40d0:3c:1240:8ce1:e08e:e26c:e093,QUIC,182,1
665,74.043859,2409:40d0:3c:1240:8ce1:e08e:e26c:e093,2404:6800:4002:82e::2003,QUIC,94,1
666,74.044952,2404:6800:4002:82e::2003,2409:40d0:3c:1240:8ce1:e08e:e26c:e093,QUIC,594,-1
667,74.044952,2404:6800:4002:82e::2003,2409:40d0:3c:1240:8ce1:e08e:e26c:e093,QUIC,84,1
668,74.045597,2409:40d0:3c:1240:8ce1:e08e:e26c:e093,2404:6800:4002:82e::2003,QUIC,97,1
669,74.064665,2404:6800:4002:82e::2003,2409:40d0:3c:1240:8ce1:e08e:e26c:e093,QUIC,87,1
670,75.799969,2404:6800:4002:815::200a,2409:40d0:3c:1240:8ce1:e08e:e26c:e093,UDP,141,1
671,75.806119,2409:40d0:3c:1240:8ce1:e08e:e26c:e093,2404:6800:4002:815::200a,UDP,95,1
672,78.950217,0e:60:a2:c9:ef:75,Intel_98:9e:73,ARP,42,-1
673,78.950244,Intel_98:9e:73,0e:60:a2:c9:ef:75,ARP,42,-1
674,79.791295,2409:40d0:3c:1240:8ce1:e08e:e26c:e093,2603:1040:a06:6::1,TCP,75,1
675,79.838162,2603:1040:a06:6::1,2409:40d0:3c:1240:8ce1:e08e:e26c:e093,TCP,86,1
676,80.602911,192.168.150.136,239.255.255.250,SSDP,217,1
677,81.160442,2620:1ec:21::14,2409:40d0:3c:1240:8ce1:e08e:e26c:e093,TLSv1.2,120,1
678,81.175454,2409:40d0:3c:1240:8ce1:e08e:e26c:e093,2620:1ec:21::14,TLSv1.2,116,1
679,81.175554,2409:40d0:3c:1240:8ce1:e08e:e26c:e093,2620:1ec:21::14,TLSv1.2,116,1
680,81.19885,2620:1ec:21::14,2409:40d0:3c:1240:8ce1:e08e:e26c:e093,TCP,74,1
681,81.203279,2620:1ec:21::14,2409:40d0:3c:1240:8ce1:e08e:e26c:e093,TCP,74,1
682,81.618122,192.168.150.136,239.255.255.250,SSDP,217,1
683,82.628031,192.168.150.136,239.255.255.250,SSDP,217,1
684,83.221233,2409:40d0:3c:1240:8ce1:e08e:e26c:e093,2404:6800:4003:c0f::bc,TCP,75,1
685,83.327907,2404:6800:4003:c0f::bc,2409:40d0:3c:1240:8ce1:e08e:e26c:e093,TCP,86,1
686,83.629627,192.168.150.136,239.255.255.250,SSDP,217,1
687,84.463835,2409:40d0:3c:1240:8ce1:e08e:e26c:e093,64:ff9b::3457:7a77,TCP,75,1
688,84.819928,64:ff9b::3457:7a77,2409:40d0:3c:1240:8ce1:e08e:e26c:e093,TCP,86,1
689,86.160391,2409:40d0:3c:1240:8ce1:e08e:e26c:e093,2606:2800:247:b713:6f8:1d37:ecd5:e137,TCP,75,1
690,86.195178,2606:2800:247:b713:6f8:1d37:ecd5:e137,2409:40d0:3c:1240:8ce1:e08e:e26c:e093,TCP,86,1
691,86.980299,2409:40d0:3c:1240:8ce1:e08e:e26c:e093,2405:200:1604::312c:5f8f,TCP,75,1
692,87.035743,2405:200:1604::312c:5f8f,2409:40d0:3c:1240:8ce1:e08e:e26c:e093,TCP,86,1
693,87.688562,2409:40d0:3c:1240:8ce1:e08e:e26c:e093,2607:f740:e619::1,TCP,75,1
694,87.720207,2409:40d0:3c:1240:8ce1:e08e:e26c:e093,2607:f740:e619::1,TCP,75,1
695,87.885219,2607:f740:e619::1,2409:40d0:3c:1240:8ce1:e08e:e26c:e093,TCP,74,1
696,87.898566,2607:f740:e619::1,2409:40d0:3c:1240:8ce1:e08e:e26c:e093,TCP,74,1
697,88.226995,2409:40d0:3c:1240:8ce1:e08e:e26c:e093,2607:f740:e619::1,TCP,75,1
698,88.43667,2607:f740:e619::1,2409:40d0:3c:1240:8ce1:e08e:e26c:e093,TCP,74,1
699,90.813459,2409:40d0:3c:1240:8ce1:e08e:e26c:e093,2404:6800:4002:815::200a,UDP,91,1
700,90.8582,2404:6800:4002:815::200a,2409:40d0:3c:1240:8ce1:e08e:e26c:e093,UDP,87,1
701,93.173373,fe80::c60:a2ff:fec9:ef75,2409:40d0:3c:1240:8ce1:e08e:e26c:e093,ICMPv6,86,1
